review_id,reviewer_name,rating,review_title,review_text,review_date,verified_purchase,helpful_votes,review_url
R3AWCTRU1QNXO9,Khushii,5.0,Frok,This frok so beautiful and Print also 😻🤩,Reviewed in India on 30 August 2026,True,0,https://www.amazon.in/portal/customer-reviews/srp/-/R3AWCTRU1QNXO9/ref=cm_cr_arp_d_rvw_ttl?ie=UTF8
R1DPNF7F22RCY6,Adarsh Shukla,4.0,Soft dress,Dress ka print aur fit bahut pretty hai Fabric soft hai aur pehenne mein comfortable hai,Reviewed in India on 25 August 2026,True,0,https://www.amazon.in/portal/customer-reviews/srp/-/R1DPNF7F22RCY6/ref=cm_cr_arp_d_rvw_ttl?ie=UTF8
R2725B52ZPNANT,Riya,3.0,Returned,The material was bad,Reviewed in India on 4 July 2026,True,0,https://www.amazon.in/portal/customer-reviews/srp/-/R2725B52ZPNANT/ref=cm_cr_arp_d_rvw_ttl?ie=UTF8
R25N38C2V03OS5,B T Chauhan,5.0,Very good one,Such a good dress.. it looks so beautiful and material is also good.. it is perfect for your summer vacation.. very good at this price range.. don’t miss it,Reviewed in India on 16 July 2026,True,0,https://www.amazon.in/portal/customer-reviews/srp/-/R25N38C2V03OS5/ref=cm_cr_arp_d_rvw_ttl?ie=UTF8
R2EY5CUTUYS47E,Bhawna P.,1.0,Bad quality,Dress is ruined just after 1-2 washes. Very bad material,Reviewed in India on 11 June 2026,True,0,https://www.amazon.in/portal/customer-reviews/srp/-/R2EY5CUTUYS47E/ref=cm_cr_arp_d_rvw_ttl?ie=UTF8
R15ISCNQSY2U5W,Jaini,5.0,Elegant & Comfortable Everyday Dress,"Absolutely loved this dress! The abstract print looks classy and modern, and the color combination is very soothing. The fit is super flattering, especially around the waist, giving a nice shape without feeling tight. The fabric feels soft, breathable, and comfortable for all-day wear. Perfect for casual outings, brunches, or even a relaxed office look. Easy to style and very graceful—totally worth it!",Reviewed in India on 23 January 2026,True,6,https://www.amazon.in/portal/customer-reviews/srp/-/R15ISCNQSY2U5W/ref=cm_cr_arp_d_rvw_ttl?ie=UTF8
R2G3M27KDADZMJ,Geeta,2.0,Average,Product is not soo good.,Reviewed in India on 21 September 2026,True,0,https://www.amazon.in/portal/customer-reviews/srp/-/R2G3M27KDADZMJ/ref=cm_cr_arp_d_rvw_ttl?ie=UTF8
R1JC799YIYOU4S,Shilpa Vankhande,4.0,Quality is not so good but fitting is ok,Nice at this rate,Reviewed in India on 6 July 2026,True,0,https://www.amazon.in/portal/customer-reviews/srp/-/R1JC799YIYOU4S/ref=cm_cr_arp_d_rvw_ttl?ie=UTF8
R1JZWAF82Z9CTG,SHEEJA PRAMOD,4.0,Worth for money,Worth for money,Reviewed in India on 16 July 2026,True,0,https://www.amazon.in/portal/customer-reviews/srp/-/R1JZWAF82Z9CTG/ref=cm_cr_arp_d_rvw_ttl?ie=UTF8
R1MQ9I8CDZN03T,ANANYASREE.P,4.0,Design and colour nice,"Nice same colour nd good Fitting also perfect Material is ok ok oly ,not that much",Reviewed in India on 26 May 2026,True,0,https://www.amazon.in/portal/customer-reviews/srp/-/R1MQ9I8CDZN03T/ref=cm_cr_arp_d_rvw_ttl?ie=UTF8
R316RRAPEA7UG3,Sneha,5.0,Wow I love it,Love the dress,Reviewed in India on 7 September 2026,True,0,https://www.amazon.in/portal/customer-reviews/srp/-/R316RRAPEA7UG3/ref=cm_cr_getr_d_rvw_ttl?ie=UTF8
R3HN4NBY8IZ0OR,Manan,4.0,Thin cloth bit good pigmentation,Good quality good colour,Reviewed in India on 18 May 2026,True,0,https://www.amazon.in/portal/customer-reviews/srp/-/R3HN4NBY8IZ0OR/ref=cm_cr_getr_d_rvw_ttl?ie=UTF8
R1BVVJZKOP9TRX,Mohit,4.0,Nice,Nice and comfortable,Reviewed in India on 13 May 2026,True,0,https://www.amazon.in/portal/customer-reviews/srp/-/R1BVVJZKOP9TRX/ref=cm_cr_getr_d_rvw_ttl?ie=UTF8
R2HFCS0TISSP7S,Mamta,3.0,It not summer dress,"Metrial issue the quality is not upto the mark, and not suitable for summer as it's mix fabric.",Reviewed in India on 6 May 2026,True,0,https://www.amazon.in/portal/customer-reviews/srp/-/R2HFCS0TISSP7S/ref=cm_cr_getr_d_rvw_ttl?ie=UTF8
R2ZDL4B118XJR8,Asifa saifi,5.0,Good,Very beautiful dress 🥰,Reviewed in India on 21 August 2026,True,0,https://www.amazon.in/portal/customer-reviews/srp/-/R2ZDL4B118XJR8/ref=cm_cr_getr_d_rvw_ttl?ie=UTF8
R2MBTI25X1AGEP,MURALI KUMAR B,3.0,Quality,Good,Reviewed in India on 18 May 2026,True,0,https://www.amazon.in/portal/customer-reviews/srp/-/R2MBTI25X1AGEP/ref=cm_cr_getr_d_rvw_ttl?ie=UTF8
R1O9U6VWA2QU2E,Gayatri,2.0,Improve cloth quality,Cloth bubble coming,Reviewed in India on 4 September 2026,True,0,https://www.amazon.in/portal/customer-reviews/srp/-/R1O9U6VWA2QU2E/ref=cm_cr_getr_d_rvw_ttl?ie=UTF8
R3ALJT9AFLL5SO,Imt Sheetal,5.0,Good,"Beautiful maxi dress . It can be wear in outing, office or picnic. Good quality",Reviewed in India on 7 August 2026,True,0,https://www.amazon.in/portal/customer-reviews/srp/-/R3ALJT9AFLL5SO/ref=cm_cr_getr_d_rvw_ttl?ie=UTF8
R3KEE4SQO7I8EA,Ankita Ajmera,4.0,Stylish & Comfortable – Perfect for Summer Outings!,"I recently purchased this Leriya Fashion maxi dress, and I must say it’s a great find! The fabric is lightweight and breathable, making it ideal for hot summer days. The print is bold yet elegant, and the maroon-and-white combination gives it a unique, eye-catching look. It fits true to size and the flared design adds a graceful flow while walking. The only reason I’m giving it 4 stars instead of 5 is that the material could be a little softer, but for the price, it’s definitely worth it. Great for casual brunches, beach holidays, or even a relaxed evening out! Would definitely recommend to anyone looking for an affordable and trendy summer outfit!",Reviewed in India on 6 July 2025,True,4,https://www.amazon.in/portal/customer-reviews/srp/-/R3KEE4SQO7I8EA/ref=cm_cr_getr_d_rvw_ttl?ie=UTF8
RFX68L2XSQBRW,Divya gupta,5.0,Wow products,"This dress is awesome.I bought for my sis ,she is so happy nd praised this dress so much .fabric color quality evrything is awesome 👍...",Reviewed in India on 28 July 2026,True,0,https://www.amazon.in/portal/customer-reviews/srp/-/RFX68L2XSQBRW/ref=cm_cr_getr_d_rvw_ttl?ie=UTF8
R2NWDVLUTA22WP,Preeti Kesharwani,5.0,Thank you,I toh loved it.. its amazing one piece quality and design are superb when I wore I looked fantastic 😍,Reviewed in India on 26 July 2026,True,0,https://www.amazon.in/portal/customer-reviews/srp/-/R2NWDVLUTA22WP/ref=cm_cr_getr_d_rvw_ttl?ie=UTF8
R2TDWVXDSHSZZK,Priyanka gupta,5.0,Must buy,Wow its so nice soft fabric perfect size value for money,Reviewed in India on 22 July 2026,True,0,https://www.amazon.in/portal/customer-reviews/srp/-/R2TDWVXDSHSZZK/ref=cm_cr_getr_d_rvw_ttl?ie=UTF8
RJQ1LDIH29X6V,Anuradha karandikar,2.0,Lehariya frock,Low quality cloth xl size is not comfortable,Reviewed in India on 16 July 2026,True,0,https://www.amazon.in/portal/customer-reviews/srp/-/RJQ1LDIH29X6V/ref=cm_cr_getr_d_rvw_ttl?ie=UTF8
R3FQLCNLOH5ZRS,Arshi,4.0,Good fabric,Good,Reviewed in India on 9 March 2026,True,0,https://www.amazon.in/portal/customer-reviews/srp/-/R3FQLCNLOH5ZRS/ref=cm_cr_getr_d_rvw_ttl?ie=UTF8
R3EQY9ERM3L03B,Placeholder,4.0,Good,Not transparent. Good material. Worth it for the price,Reviewed in India on 9 February 2026,True,0,https://www.amazon.in/portal/customer-reviews/srp/-/R3EQY9ERM3L03B/ref=cm_cr_getr_d_rvw_ttl?ie=UTF8
R1LYPJCO6T0DHK,Amazon Customer,4.0,Nice fitting,Super material is v good,Reviewed in India on 25 January 2026,True,0,https://www.amazon.in/portal/customer-reviews/srp/-/R1LYPJCO6T0DHK/ref=cm_cr_getr_d_rvw_ttl?ie=UTF8
R3MALPGEN1HX7J,Shw,5.0,Comfort fit,Good fit,Reviewed in India on 11 July 2026,True,0,https://www.amazon.in/portal/customer-reviews/srp/-/R3MALPGEN1HX7J/ref=cm_cr_getr_d_rvw_ttl?ie=UTF8
R3JE8CGZGWOYHX,Daras,3.0,Colour is not the same,"The colour of the item is not white it is half white, which makes the dress look full and dirty after the wash as well...",Reviewed in India on 22 December 2025,True,0,https://www.amazon.in/portal/customer-reviews/srp/-/R3JE8CGZGWOYHX/ref=cm_cr_getr_d_rvw_ttl?ie=UTF8
RALBT9FL77STO,Divya,5.0,Amazing.,This dress is really pretty. Very comfortable and good quality. Looks classy. Perfect for casual outings. Must buy.,Reviewed in India on 23 June 2026,True,2,https://www.amazon.in/portal/customer-reviews/srp/-/RALBT9FL77STO/ref=cm_cr_getr_d_rvw_ttl?ie=UTF8
R3VZSQQP0VW7VT,Wow received without any breakage and the packaging is just wow.. thanks amazon ☺️,4.0,Best to choose,Really superb...material was so good,Reviewed in India on 22 December 2025,True,0,https://www.amazon.in/portal/customer-reviews/srp/-/R3VZSQQP0VW7VT/ref=cm_cr_getr_d_rvw_ttl?ie=UTF8
R4OD4S2P2M7QR,Drashti,3.0,Okaish.. not good not bad,Okaish. Material light. But fitting is not upto mark. The upper body pattern of dress will make person look fattier.,Reviewed in India on 8 December 2025,True,2,https://www.amazon.in/portal/customer-reviews/srp/-/R4OD4S2P2M7QR/ref=cm_cr_getr_d_rvw_ttl?ie=UTF8
R3LNBLG4VFY46M,Chetna sharma,5.0,Colour and quality so good,This dress is looking so sexy and really amazing fabric quality.so lovely dress.,Reviewed in India on 10 June 2026,True,0,https://www.amazon.in/portal/customer-reviews/srp/-/R3LNBLG4VFY46M/ref=cm_cr_getr_d_rvw_ttl?ie=UTF8
R1Q3Z20BYGCWIS,ZAHID ZAYN,5.0,Good purchase Love this,Really love the cloth. Color is same as i ordered. Its very comfortable and light weight. Best for summer,Reviewed in India on 31 May 2026,True,0,https://www.amazon.in/portal/customer-reviews/srp/-/R1Q3Z20BYGCWIS/ref=cm_cr_getr_d_rvw_ttl?ie=UTF8
R2SC0XGJXBSYTY,Vekariya rushika,4.0,Very good product,Lite weight and very comfortable with rich color,Reviewed in India on 20 November 2025,True,0,https://www.amazon.in/portal/customer-reviews/srp/-/R2SC0XGJXBSYTY/ref=cm_cr_getr_d_rvw_ttl?ie=UTF8
R4FM3P5B8BIC5,Maira Mishra,4.0,Nice,Good but dull colour,Reviewed in India on 25 November 2025,True,0,https://www.amazon.in/portal/customer-reviews/srp/-/R4FM3P5B8BIC5/ref=cm_cr_getr_d_rvw_ttl?ie=UTF8
R13F5RBV2FW9FI,Sayali Kulkarni,2.0,Meh. 1 time wear.,The length is shorter than shown in pictures and the material sticks to the slacks worn inside the midi. Color wise could have been more better. Okayish product,Reviewed in India on 25 March 2026,True,0,https://www.amazon.in/portal/customer-reviews/srp/-/R13F5RBV2FW9FI/ref=cm_cr_getr_d_rvw_ttl?ie=UTF8
RKNWQKL0PMMCE,BIDU,2.0,Quality of Product looks very cheap,"Does not look as per image of the product. The actual product looks cheap, stiches are uneven. My wife could manage to use in the room only. You can not wear it and go out.",Reviewed in India on 1 March 2026,True,0,https://www.amazon.in/portal/customer-reviews/srp/-/RKNWQKL0PMMCE/ref=cm_cr_getr_d_rvw_ttl?ie=UTF8
RBY2R7JXJ1SF2,Sujata rohit kamble,5.0,Accha,Bahot accha kpda hai,Reviewed in India on 10 June 2026,True,0,https://www.amazon.in/portal/customer-reviews/srp/-/RBY2R7JXJ1SF2/ref=cm_cr_getr_d_rvw_ttl?ie=UTF8
R3FCUQ0BUX25T1,Moon,5.0,❤️❤️,Classy dress,Reviewed in India on 12 June 2026,True,0,https://www.amazon.in/portal/customer-reviews/srp/-/R3FCUQ0BUX25T1/ref=cm_cr_getr_d_rvw_ttl?ie=UTF8
R32M1H2AMRI1GM,Firdosh,3.0,good to wear,fabric quality is goof,Reviewed in India on 20 November 2025,True,0,https://www.amazon.in/portal/customer-reviews/srp/-/R32M1H2AMRI1GM/ref=cm_cr_getr_d_rvw_ttl?ie=UTF8
R3IHSIOLSJXJG4,Calvin Torres,4.0,Good,Good,Reviewed in India on 14 November 2025,True,0,https://www.amazon.in/portal/customer-reviews/srp/-/R3IHSIOLSJXJG4/ref=cm_cr_getr_d_rvw_ttl?ie=UTF8
R1SYV8G1A9C3QU,Raj Kumar Sharma,3.0,Dresses good cloth is soft in this rate dresses valuable,Click to play video The dress is good but short length for me so I am returning this dress,Reviewed in India on 12 October 2025,True,20,https://www.amazon.in/portal/customer-reviews/srp/-/R1SYV8G1A9C3QU/ref=cm_cr_getr_d_rvw_ttl?ie=UTF8
R1J27P4X4O9N64,neelam g.,4.0,Quality,Ok ok,Reviewed in India on 29 October 2025,True,0,https://www.amazon.in/portal/customer-reviews/srp/-/R1J27P4X4O9N64/ref=cm_cr_getr_d_rvw_ttl?ie=UTF8
R19PHXF17IRAR9,Kevin D,3.0,Just fine,Bought XL size for my wife and though the quality of the material looks just fine it does not match with what is shown in the pic. Also I was very disappointed with the length of the dress. In the pic it shows that it almost covers the leg but in actual it reaches till the knee...,Reviewed in India on 7 February 2025,True,0,https://www.amazon.in/portal/customer-reviews/srp/-/R19PHXF17IRAR9/ref=cm_cr_getr_d_rvw_ttl?ie=UTF8
R290XL4GONV33Z,Bincy Binoy,4.0,I like the style,"Good style and fabric, but there is no innerlining.",Reviewed in India on 20 August 2025,True,0,https://www.amazon.in/portal/customer-reviews/srp/-/R290XL4GONV33Z/ref=cm_cr_getr_d_rvw_ttl?ie=UTF8
REYMQCLB1Q05M,Medha Gayatri,4.0,Affordable aesthetic dress,"Didn't expect the dress quality to be this great, very worth it!",Reviewed in India on 1 August 2025,True,0,https://www.amazon.in/portal/customer-reviews/srp/-/REYMQCLB1Q05M/ref=cm_cr_getr_d_rvw_ttl?ie=UTF8
R3DGKNXUPZ5DX8,DR RUBY CHAKRABORTY,5.0,It’s worth the money.,"The material is soft, breathable in summer time and worth the price 👍👌",Reviewed in India on 27 April 2026,True,0,https://www.amazon.in/portal/customer-reviews/srp/-/R3DGKNXUPZ5DX8/ref=cm_cr_getr_d_rvw_ttl?ie=UTF8
RZK82BNHFT6AB,Madhu bala,5.0,Very comfortable and soft fabric,"It's very beautiful dress. Comfortable, and soft fabric, liked it's colour and print",Reviewed in India on 25 April 2026,True,0,https://www.amazon.in/portal/customer-reviews/srp/-/RZK82BNHFT6AB/ref=cm_cr_getr_d_rvw_ttl?ie=UTF8
R1G3STZ4I5IBN5,Deepa,5.0,Good one,I just loved it. Very casual and ight to wear,Reviewed in India on 28 April 2026,True,0,https://www.amazon.in/portal/customer-reviews/srp/-/R1G3STZ4I5IBN5/ref=cm_cr_getr_d_rvw_ttl?ie=UTF8
R2RA2HVL3L13TA,Pooja Zepale,5.0,Nice quality,It is nice love the fit the color the quality and the fabric is also best it is best to use in summer,Reviewed in India on 7 March 2026,True,0,https://www.amazon.in/portal/customer-reviews/srp/-/R2RA2HVL3L13TA/ref=cm_cr_getr_d_rvw_ttl?ie=UTF8
R3DV4Y45JXX4CY,Amazon Customer,3.0,Not so good quality,Quality is not so good,Reviewed in India on 17 September 2025,True,0,https://www.amazon.in/portal/customer-reviews/srp/-/R3DV4Y45JXX4CY/ref=cm_cr_getr_d_rvw_ttl?ie=UTF8
R3MG1BZM1WTLSG,Maimuna Tasneem,3.0,Print and quality not good,The colour is not really bright and material is OK ok. Good for summer but according to the price the dress is not up to the mark.,Reviewed in India on 22 May 2025,True,0,https://www.amazon.in/portal/customer-reviews/srp/-/R3MG1BZM1WTLSG/ref=cm_cr_getr_d_rvw_ttl?ie=UTF8
R3PQKX6OGLL2AQ,vidya shree,5.0,Beautiful,Beautiful dress..the fit is nice and the quality is top notch. Love the colour and the print...very comfortable and stylish.. fabric is also lightweight...and soft..loving it 👌🏻,Reviewed in India on 21 February 2026,True,0,https://www.amazon.in/portal/customer-reviews/srp/-/R3PQKX6OGLL2AQ/ref=cm_cr_getr_d_rvw_ttl?ie=UTF8
RIHO1WDXVFGGI,Placeholder,5.0,Superb dress😍,"I really liked it. It's a dress that fits well on anyone, no matter how fat they are. I've recommended it to my friends. Everyone will definitely like it.",Reviewed in India on 13 February 2026,True,0,https://www.amazon.in/portal/customer-reviews/srp/-/RIHO1WDXVFGGI/ref=cm_cr_getr_d_rvw_ttl?ie=UTF8
RZ5TQFWTYQQGR,Vaibhav R,5.0,Material is smooth and soft,Material is soft and smooth easy wear for summer,Reviewed in India on 9 April 2026,True,0,https://www.amazon.in/portal/customer-reviews/srp/-/RZ5TQFWTYQQGR/ref=cm_cr_getr_d_rvw_ttl?ie=UTF8
R1K1NOQ7H4OSJP,Shankar,4.0,Quality,Quality is worth for money,Reviewed in India on 14 July 2025,True,0,https://www.amazon.in/portal/customer-reviews/srp/-/R1K1NOQ7H4OSJP/ref=cm_cr_getr_d_rvw_ttl?ie=UTF8
R14NNTZE8KQ8YW,There needs to be more sizes to this. Other than that it's a nice buy. Worth the price,4.0,Not bad,The product was nice. I don't have a pic since it is with my sister rn. But the cloth felt a little used since it was not white but a cream colour that comes when it's been in dirt,Reviewed in India on 26 October 2024,True,0,https://www.amazon.in/portal/customer-reviews/srp/-/R14NNTZE8KQ8YW/ref=cm_cr_getr_d_rvw_ttl?ie=UTF8
R1G3XNF5FWHRKG,Syeda Samreen,5.0,Nice comfortable,Very comfortable and good,Reviewed in India on 18 April 2026,True,0,https://www.amazon.in/portal/customer-reviews/srp/-/R1G3XNF5FWHRKG/ref=cm_cr_getr_d_rvw_ttl?ie=UTF8
RDDG855M206EE,akash,5.0,Very nice,This is really good and comfortable to use. I used it as beach dress and it looked so beautiful on me. Perfect fit and good quality material. Easily washable,Reviewed in India on 29 January 2026,True,3,https://www.amazon.in/portal/customer-reviews/srp/-/RDDG855M206EE/ref=cm_cr_getr_d_rvw_ttl?ie=UTF8
R293F6OYOSELSL,Meghali Arandhara,4.0,Dress is not e cotton material,Nice,Reviewed in India on 2 August 2025,True,0,https://www.amazon.in/portal/customer-reviews/srp/-/R293F6OYOSELSL/ref=cm_cr_getr_d_rvw_ttl?ie=UTF8
R3K8HBDVJM71ZZ,JINESH SHAH,5.0,Awesome product 🤩,"Awesome product 🤩, soft fabric, party wear, size is perfect, flattering, value for money.",Reviewed in India on 14 March 2026,True,0,https://www.amazon.in/portal/customer-reviews/srp/-/R3K8HBDVJM71ZZ/ref=cm_cr_getr_d_rvw_ttl?ie=UTF8
R1KMQJVEVZIUJS,Binsy Salin,4.0,Nice,Not exactly same. But I like it,Reviewed in India on 16 June 2025,True,0,https://www.amazon.in/portal/customer-reviews/srp/-/R1KMQJVEVZIUJS/ref=cm_cr_getr_d_rvw_ttl?ie=UTF8
R3G1D9ND4HD54F,Kindle Customer,3.0,Good product,Color: Good fitting and flow of the cloth.,Reviewed in India on 15 July 2025,True,0,https://www.amazon.in/portal/customer-reviews/srp/-/R3G1D9ND4HD54F/ref=cm_cr_getr_d_rvw_ttl?ie=UTF8
R29JN46B3TI4SZ,Priyanka Varshney,5.0,Nice product,I bought the leriya printed maxi dress for my daughter. She like the dress white and green color. The fabric of this dress is breathable and lightweight. This dress for summer and she is wearing daily. Its fits perfectly and looks so pretty. She feels comfortable after wearing this dress. Quality wise this dress is good and its easy to machine wash. Good maxi in this price range.,Reviewed in India on 26 July 2025,True,4,https://www.amazon.in/portal/customer-reviews/srp/-/R29JN46B3TI4SZ/ref=cm_cr_getr_d_rvw_ttl?ie=UTF8
R2E28ERTL567DD,One Another Amazon Shopper,3.0,"Does its job, will recommend to buy..!","Does its job, will recommend to buy..!",Reviewed in India on 29 July 2025,True,0,https://www.amazon.in/portal/customer-reviews/srp/-/R2E28ERTL567DD/ref=cm_cr_getr_d_rvw_ttl?ie=UTF8
R31I4GTNPU2X5D,Kimi Sharma,5.0,Amazing,Wow beautiful Maxi dress for summer. soft fabric good quality Dress.I really loved it.Go fir it.,Reviewed in India on 18 February 2026,True,0,https://www.amazon.in/portal/customer-reviews/srp/-/R31I4GTNPU2X5D/ref=cm_cr_getr_d_rvw_ttl?ie=UTF8
R2TOAARBMHB51V,Divyanshu Sharma,5.0,Very good fit,Liked it. Loved the fit and fabric,Reviewed in India on 15 March 2026,True,0,https://www.amazon.in/portal/customer-reviews/srp/-/R2TOAARBMHB51V/ref=cm_cr_getr_d_rvw_ttl?ie=UTF8
R18CP2Z91NKLG3,S. S.,2.0,Absurd fit,"The fit is absurd, especially around the sleeves. The pattern doesn't look good in real life, at least to me. The cinched waist looks good, and the material is nice but unsuitable for hot summers.",Reviewed in India on 5 October 2025,True,0,https://www.amazon.in/portal/customer-reviews/srp/-/R18CP2Z91NKLG3/ref=cm_cr_getr_d_rvw_ttl?ie=UTF8
R27W6CKNB07Q6U,Palak Jha,3.0,Quality Matters,Not too good quality according to the price!,Reviewed in India on 8 June 2025,True,0,https://www.amazon.in/portal/customer-reviews/srp/-/R27W6CKNB07Q6U/ref=cm_cr_getr_d_rvw_ttl?ie=UTF8
R3VV3TKF2M3R1H,Naveen,5.0,"Good fabric and design , will recommend to others as well","Recently purchased this dress in white and green colour, and I must say it’s a great find! The fabric is lightweight and breathable, making it ideal for hot summer days. The print is bold yet elegant, and the green-and-white combination gives it a unique, eye-catching look. It fits true to size and the flared design adds a graceful flow while walking.",Reviewed in India on 13 July 2025,True,0,https://www.amazon.in/portal/customer-reviews/srp/-/R3VV3TKF2M3R1H/ref=cm_cr_getr_d_rvw_ttl?ie=UTF8
R1OX9PS4SIS5VO,Chayanika Mahanta,4.0,Fitting is good,Good according to price,Reviewed in India on 17 June 2025,True,6,https://www.amazon.in/portal/customer-reviews/srp/-/R1OX9PS4SIS5VO/ref=cm_cr_getr_d_rvw_ttl?ie=UTF8
R25SYAQNC5RJRS,MANGOS,3.0,Not that great,Didnt like the quality of the material. Light cotton and cream color is not so bright.so that new sow is not there when wore.,Reviewed in India on 22 February 2025,True,0,https://www.amazon.in/portal/customer-reviews/srp/-/R25SYAQNC5RJRS/ref=cm_cr_getr_d_rvw_ttl?ie=UTF8
R33APCCMTD6YOI,Slachi jain,5.0,Summer wear,Good length. I bought it to wear as an office outfit. Good material,Reviewed in India on 21 February 2026,True,0,https://www.amazon.in/portal/customer-reviews/srp/-/R33APCCMTD6YOI/ref=cm_cr_getr_d_rvw_ttl?ie=UTF8
R1GY1JF1FMAIDO,Rochana Cordeiro,4.0,Lovely dress,This dress is really beautiful.i really loved this knee length dress as it fits perfectly.the material of the fabric is nice.loved the colour of the dress and value for money.,Reviewed in India on 29 July 2024,True,6,https://www.amazon.in/portal/customer-reviews/srp/-/R1GY1JF1FMAIDO/ref=cm_cr_getr_d_rvw_ttl?ie=UTF8
R2P37S5RBOYK6S,Rashmi Rao,4.0,Good,"The dress in overall looks good. But it's a bit transparent, and the shoulder fitting is off.",Reviewed in India on 5 February 2025,True,0,https://www.amazon.in/portal/customer-reviews/srp/-/R2P37S5RBOYK6S/ref=cm_cr_getr_d_rvw_ttl?ie=UTF8
RK8F6PD939C4V,ANITA M.,5.0,The best ever!,Don't think twice!,Reviewed in India on 14 March 2026,True,0,https://www.amazon.in/portal/customer-reviews/srp/-/RK8F6PD939C4V/ref=cm_cr_getr_d_rvw_ttl?ie=UTF8
R2UKPSJRD0NPBS,Dp,4.0,Pd,"Good , it fits me well too",Reviewed in India on 11 April 2025,True,0,https://www.amazon.in/portal/customer-reviews/srp/-/R2UKPSJRD0NPBS/ref=cm_cr_getr_d_rvw_ttl?ie=UTF8
R13EU27XCDOUJP,Jenima Parbin,4.0,Fabric is very comfortable,It's really amazing. Comfortable wear ❤️,Reviewed in India on 13 April 2025,True,4,https://www.amazon.in/portal/customer-reviews/srp/-/R13EU27XCDOUJP/ref=cm_cr_getr_d_rvw_ttl?ie=UTF8
R27XT47L0IYFZL,Rasagna,5.0,Gud quality dress,Gud quality material.dress is looking good.very light weight dress Comfortable to wear,Reviewed in India on 2 February 2026,True,0,https://www.amazon.in/portal/customer-reviews/srp/-/R27XT47L0IYFZL/ref=cm_cr_getr_d_rvw_ttl?ie=UTF8
R3BXVYPECXLHZU,Ching ping,3.0,Nothing,Pretty good product Fits me well,Reviewed in India on 20 May 2025,True,21,https://www.amazon.in/portal/customer-reviews/srp/-/R3BXVYPECXLHZU/ref=cm_cr_getr_d_rvw_ttl?ie=UTF8
R39UNX8IQGXHDD,Joy Andrew,3.0,Beautiful Dress,Loved the way it looked on me. Nice fitting and flowy. Quality wise it is good,Reviewed in India on 30 January 2025,True,0,https://www.amazon.in/portal/customer-reviews/srp/-/R39UNX8IQGXHDD/ref=cm_cr_getr_d_rvw_ttl?ie=UTF8
R3W2RIS5MK85T5,Amazon Customer,3.0,Bad quality of cloth,Bad quality of cloth,Reviewed in India on 18 May 2025,True,0,https://www.amazon.in/portal/customer-reviews/srp/-/R3W2RIS5MK85T5/ref=cm_cr_getr_d_rvw_ttl?ie=UTF8
R1ASQ7CEFGPRHZ,jaya kalra,4.0,Nice,Nice,Reviewed in India on 2 May 2025,True,0,https://www.amazon.in/portal/customer-reviews/srp/-/R1ASQ7CEFGPRHZ/ref=cm_cr_getr_d_rvw_ttl?ie=UTF8
R3HWR8LVO2MI86,Amazon Customer,5.0,Must purchase,"The fitting is great – it hugs the body in the right places while still feeling comfortable and flowy. The stitching is clean and neat, and there were no loose threads or defects. The frock flares beautifully when walking, which adds a touch of charm to the overall look.",Reviewed in India on 9 July 2025,True,0,https://www.amazon.in/portal/customer-reviews/srp/-/R3HWR8LVO2MI86/ref=cm_cr_getr_d_rvw_ttl?ie=UTF8
RZ4CZ5ZG9BRIS,A H Kumari,5.0,Excellent,It’s very good,Reviewed in India on 17 February 2026,True,0,https://www.amazon.in/portal/customer-reviews/srp/-/RZ4CZ5ZG9BRIS/ref=cm_cr_getr_d_rvw_ttl?ie=UTF8
RDGNF67DW7HWB,Durga mukesh,5.0,Very comfy dress,I loved the loved ..it's so well..nice fabric...very comfortable...gives very good photo ...,Reviewed in India on 13 January 2026,True,0,https://www.amazon.in/portal/customer-reviews/srp/-/RDGNF67DW7HWB/ref=cm_cr_getr_d_rvw_ttl?ie=UTF8
R2NFN03FMTM1FM,Monica,4.0,Nice,Nice,Reviewed in India on 13 April 2025,True,0,https://www.amazon.in/portal/customer-reviews/srp/-/R2NFN03FMTM1FM/ref=cm_cr_getr_d_rvw_ttl?ie=UTF8
R3R6C253FYL8DL,reshma pawar,4.0,Good,"Can improve quality of cloth more, apart from that everything is good...",Reviewed in India on 11 December 2024,True,0,https://www.amazon.in/portal/customer-reviews/srp/-/R3R6C253FYL8DL/ref=cm_cr_getr_d_rvw_ttl?ie=UTF8
RDAM3A5H5EFK0,Priyanka Yadav,5.0,"No second thoughts, just buy it",This purchase had restored my faith in Amazon. What a remarkable dress. Value for money? Totally. It's an elegant light weight dress that will go well in casual and formal events depending on how you style it. But for the price I paid I really wished they made more variants of this dress so I could but it!,Reviewed in India on 1 December 2024,True,0,https://www.amazon.in/portal/customer-reviews/srp/-/RDAM3A5H5EFK0/ref=cm_cr_getr_d_rvw_ttl?ie=UTF8
R297SQ95C1K3VV,Vishal deep,5.0,Perfectl dress for every shape and size,"Dress is too good to wear, perfect for Summers, fabric, fitting,design, colour everything is good... I am plus sized and it fits on me very well... Comfortable to wear My height is 5.5 and 100+ weight and I ordered XXL it looks fabulous on me... Just go for it Thank you Amazon ❤️",Reviewed in India on 23 March 2025,True,5,https://www.amazon.in/portal/customer-reviews/srp/-/R297SQ95C1K3VV/ref=cm_cr_getr_d_rvw_ttl?ie=UTF8
R26OU0JMLXK63Z,supriya,5.0,Go with it.,Nice one. Can buy it.,Reviewed in India on 29 January 2026,True,0,https://www.amazon.in/portal/customer-reviews/srp/-/R26OU0JMLXK63Z/ref=cm_cr_getr_d_rvw_ttl?ie=UTF8
RQLI0ZJ5IU8JR,Amazon Customer,3.0,Good quality,Quality is good but not suitable for me,Reviewed in India on 15 February 2025,True,0,https://www.amazon.in/portal/customer-reviews/srp/-/RQLI0ZJ5IU8JR/ref=cm_cr_getr_d_rvw_ttl?ie=UTF8
R1S3AQWJA0QDPF,Preeti R,3.0,Decent,Ok,Reviewed in India on 27 April 2025,True,0,https://www.amazon.in/portal/customer-reviews/srp/-/R1S3AQWJA0QDPF/ref=cm_cr_getr_d_rvw_ttl?ie=UTF8
R3EA55SI43Z4HQ,Vanshika,2.0,Below average,Material not so good,Reviewed in India on 5 December 2025,True,0,https://www.amazon.in/portal/customer-reviews/srp/-/R3EA55SI43Z4HQ/ref=cm_cr_getr_d_rvw_ttl?ie=UTF8
R18WJ7QWQACCR6,Amazon Customer,4.0,Comfortable and good quality,Pretty dress. Good for vacations . Good quality.,Reviewed in India on 2 February 2025,True,8,https://www.amazon.in/portal/customer-reviews/srp/-/R18WJ7QWQACCR6/ref=cm_cr_getr_d_rvw_ttl?ie=UTF8
R1IWYUWHEK9BNR,I'm really unhappy with the product. Within 1 month the paint of bottle started to come out and the steel underneath is clearly visible which is giving a very bad look. Money wasted!!,3.0,Average,Colour and print wise it is nice but fabric and fit could have been better,Reviewed in India on 26 September 2024,True,0,https://www.amazon.in/portal/customer-reviews/srp/-/R1IWYUWHEK9BNR/ref=cm_cr_getr_d_rvw_ttl?ie=UTF8
RK0701WKEBQJV,Pallavi Phophalia,3.0,Satisfactory,"With the price I bought it, it is a good buy",Reviewed in India on 14 November 2024,True,0,https://www.amazon.in/portal/customer-reviews/srp/-/RK0701WKEBQJV/ref=cm_cr_getr_d_rvw_ttl?ie=UTF8
R3133J5YXPED4H,Partha,4.0,Good quality,Well appreciated by the person it was gifted to. Good fitting.,Reviewed in India on 20 October 2024,True,0,https://www.amazon.in/portal/customer-reviews/srp/-/R3133J5YXPED4H/ref=cm_cr_getr_d_rvw_ttl?ie=UTF8
RF7MQGAIGAG8W,Amazon Customer,3.0,Diff material,The top looks very good.. But the material is not rayon.,Reviewed in India on 12 November 2024,True,0,https://www.amazon.in/portal/customer-reviews/srp/-/RF7MQGAIGAG8W/ref=cm_cr_getr_d_rvw_ttl?ie=UTF8
R2DCUUMKTMKBQK,Govind kalsa,5.0,Bought it for my sister- she loved it!!,"The fabric is soft and breathable, perfect for summer wear. The color is exactly as shown in the pictures and my sister especially liked the elegant design and how comfortable it felt for all-day wear. Great quality for the price.",Reviewed in India on 19 May 2025,True,0,https://www.amazon.in/portal/customer-reviews/srp/-/R2DCUUMKTMKBQK/ref=cm_cr_getr_d_rvw_ttl?ie=UTF8
R2YDKIC6O9I0J5,Daisy Barman,1.0,Very poor quality,Very poor quality,Reviewed in India on 17 September 2026,True,0,https://www.amazon.in/portal/customer-reviews/srp/-/R2YDKIC6O9I0J5/ref=cm_cr_arp_d_rvw_ttl?ie=UTF8
RPDPV9TN9TXY8,Sarah,5.0,I love this dress,"I love this dress it's very comfortable breathable fabric and Very light and amazing I love it's color, stitching was very fine size was perfect lovely versatility ,transparency was nice , stitching was very fone",Reviewed in India on 20 July 2026,False,0,https://www.amazon.in/portal/customer-reviews/srp/-/RPDPV9TN9TXY8/ref=cm_cr_getr_d_rvw_ttl?ie=UTF8
RBXEDKPT4OMP1,Ankit,5.0,Worthy product.,This dress is very beautiful. Very good quality and comfortable also. Must buy.,Reviewed in India on 23 June 2026,True,0,https://www.amazon.in/portal/customer-reviews/srp/-/RBXEDKPT4OMP1/ref=cm_cr_getr_d_rvw_ttl?ie=UTF8
R1OP5FTCDWZLIM,Smita Sinha,1.0,"Poor Quality, Completely No- No","Not at all worth to purchase it, poor quality and length is shorter than it is shown in video and picture. You can't wear it, it is so bad.",Reviewed in India on 11 June 2026,False,0,https://www.amazon.in/portal/customer-reviews/srp/-/R1OP5FTCDWZLIM/ref=cm_cr_getr_d_rvw_ttl?ie=UTF8
R2W9S5RJLRFK9G,Vivek agrawal,5.0,Awesome,I love this color and fabric is so good stracheble. Very comfortable. I like it.,Reviewed in India on 11 June 2026,True,0,https://www.amazon.in/portal/customer-reviews/srp/-/R2W9S5RJLRFK9G/ref=cm_cr_getr_d_rvw_ttl?ie=UTF8
R3VUY0WX403NTZ,aakash,1.0,Not happy,Not happy with size and fitting,Reviewed in India on 28 May 2026,True,0,https://www.amazon.in/portal/customer-reviews/srp/-/R3VUY0WX403NTZ/ref=cm_cr_getr_d_rvw_ttl?ie=UTF8
R2PZ58RSUCDFOZ,Ashu,5.0,Perfect,"This dress is a summer win. The length is perfect, doesn’t stick in heat, and the flowy fit hides everything. Got so many compliments at a casual outing",Reviewed in India on 27 April 2026,True,0,https://www.amazon.in/portal/customer-reviews/srp/-/R2PZ58RSUCDFOZ/ref=cm_cr_getr_d_rvw_ttl?ie=UTF8
R1NU05959CX99,Sarikka Khilare,1.0,Not like,Very poor quality,Reviewed in India on 26 April 2026,True,0,https://www.amazon.in/portal/customer-reviews/srp/-/R1NU05959CX99/ref=cm_cr_getr_d_rvw_ttl?ie=UTF8
R3O4UP2DL0PJR4,Mounika,4.0,Okay,I brought the green one it's good but I feel like quality can be more better and fabric is smooth,Reviewed in India on 11 February 2026,False,0,https://www.amazon.in/portal/customer-reviews/srp/-/R3O4UP2DL0PJR4/ref=cm_cr_getr_d_rvw_ttl?ie=UTF8
R3IGHK1BHBCAXA,Abhinav Goyal,5.0,Nice,This dress for summer and she is wearing daily. Its fits perfectly and looks so pretty. She feels comfortable after wearing this dress. Quality wise this dress is good and its easy to machine wash. Good maxi in this price range.,Reviewed in India on 31 January 2026,True,0,https://www.amazon.in/portal/customer-reviews/srp/-/R3IGHK1BHBCAXA/ref=cm_cr_getr_d_rvw_ttl?ie=UTF8
R12R00U20YLL2L,Niharika tripathi,5.0,Abstract Print Midi Dress,"Loved this dress ❤️ The fabric is soft and breathable, the abstract print looks classy, and the fitting is perfect. Looks exactly like the picture.”",Reviewed in India on 30 January 2026,True,0,https://www.amazon.in/portal/customer-reviews/srp/-/R12R00U20YLL2L/ref=cm_cr_getr_d_rvw_ttl?ie=UTF8
R3VIZY1KX99ESE,BHAWISHA GARG,5.0,Stylish,It's very stylish maxi dress. Cloth is very soft. I like it.,Reviewed in India on 25 January 2026,True,0,https://www.amazon.in/portal/customer-reviews/srp/-/R3VIZY1KX99ESE/ref=cm_cr_getr_d_rvw_ttl?ie=UTF8
R3HYGH937S8EXK,Abhishek,5.0,Stylish look,Frock design is very pretty.Frock dress colour is red and white.It is one piece dress.The fabric dress is breathable and lightweight.Dress are use for summer.,Reviewed in India on 25 January 2026,True,0,https://www.amazon.in/portal/customer-reviews/srp/-/R3HYGH937S8EXK/ref=cm_cr_getr_d_rvw_ttl?ie=UTF8
RQLP16MZU50V7,Nikita,5.0,Nice,Nice fabric,Reviewed in India on 14 January 2026,True,0,https://www.amazon.in/portal/customer-reviews/srp/-/RQLP16MZU50V7/ref=cm_cr_getr_d_rvw_ttl?ie=UTF8
R1J8Y8LKF42I25,Anusha s,5.0,Quality,Super,Reviewed in India on 8 January 2026,True,0,https://www.amazon.in/portal/customer-reviews/srp/-/R1J8Y8LKF42I25/ref=cm_cr_getr_d_rvw_ttl?ie=UTF8
R1M1KWNKZFGNBU,Amazon Customer,5.0,Needed with half jacket,Its awesome,Reviewed in India on 30 December 2025,True,0,https://www.amazon.in/portal/customer-reviews/srp/-/R1M1KWNKZFGNBU/ref=cm_cr_getr_d_rvw_ttl?ie=UTF8
R1WUFV31MQV9ZJ,Nisha Ghadigaonkar,5.0,"Superb, worth buying","Superb dress, worth buying, material quality top class, I liked it",Reviewed in India on 20 December 2025,True,0,https://www.amazon.in/portal/customer-reviews/srp/-/R1WUFV31MQV9ZJ/ref=cm_cr_getr_d_rvw_ttl?ie=UTF8
R2TSUJJXVMQ0SV,Sneha shinde,5.0,Loved it !!!,"Good quality, nice fit, value for money👍🏻",Reviewed in India on 19 December 2025,True,0,https://www.amazon.in/portal/customer-reviews/srp/-/R2TSUJJXVMQ0SV/ref=cm_cr_getr_d_rvw_ttl?ie=UTF8
R1SGM7F0GNA8HS,Shahbaz raza,5.0,Good quality,Guys I got this beautiful dress iski quality bhi bahot achi hai colour bhi perfect received hui i just love this,Reviewed in India on 18 December 2025,True,0,https://www.amazon.in/portal/customer-reviews/srp/-/R1SGM7F0GNA8HS/ref=cm_cr_getr_d_rvw_ttl?ie=UTF8
R2TK141R9IEN0G,Roshni Mane,1.0,Not worth the money,"Very bad quality product . They didn’t even bother to return . No option is there to return the product , u r stuck with it",Reviewed in India on 15 December 2025,True,0,https://www.amazon.in/portal/customer-reviews/srp/-/R2TK141R9IEN0G/ref=cm_cr_getr_d_rvw_ttl?ie=UTF8
R17VJ6LPREMTD0,Bhumika,5.0,Most recommended,"This black and white printed top looks stylish and modern. The fabric feels lightweight and comfortable for daily wear. Overall, it is a good value outfit for casual outings with maintenance and versatile styling options.",Reviewed in India on 15 December 2025,True,0,https://www.amazon.in/portal/customer-reviews/srp/-/R17VJ6LPREMTD0/ref=cm_cr_getr_d_rvw_ttl?ie=UTF8
RSLF4E3N8ZEAU,Indigo,5.0,Good item,The size and looks are great!,Reviewed in India on 11 December 2025,True,0,https://www.amazon.in/portal/customer-reviews/srp/-/RSLF4E3N8ZEAU/ref=cm_cr_getr_d_rvw_ttl?ie=UTF8
R37A6QIS86GGSB,"Ruma Devi ,Dibrugarh Assam",5.0,My 2nd order,I'm very happy 😊,Reviewed in India on 30 November 2025,True,0,https://www.amazon.in/portal/customer-reviews/srp/-/R37A6QIS86GGSB/ref=cm_cr_getr_d_rvw_ttl?ie=UTF8
R3A8H9IPFQN42I,SANDY,5.0,Worth money,"Summer wear, nice color, office wear, nice length and stretchable and worth buying.the pattern the colour and the size and the overall looks good",Reviewed in India on 20 November 2025,False,0,https://www.amazon.in/portal/customer-reviews/srp/-/R3A8H9IPFQN42I/ref=cm_cr_getr_d_rvw_ttl?ie=UTF8
R1Z4YI6TKFPX3N,Indu nair,1.0,"Bad quality, very disappointed","Click to play video Its been only a month since I bought this dress, but the threads are wearing out. After just 2 handwash, the threads started to pore out. Very disappointed.",Reviewed in India on 16 November 2025,True,2,https://www.amazon.in/portal/customer-reviews/srp/-/R1Z4YI6TKFPX3N/ref=cm_cr_getr_d_rvw_ttl?ie=UTF8
R3KVFV8M638ZNX,namita,5.0,Must buy,Print quality 👌 Wearability .. Comfort My teens loves this ❤️,Reviewed in India on 13 November 2025,True,0,https://www.amazon.in/portal/customer-reviews/srp/-/R3KVFV8M638ZNX/ref=cm_cr_getr_d_rvw_ttl?ie=UTF8
R39GAF2HPGRWHE,vaishnavi,1.0,Bakwas,Bakwas cloth,Reviewed in India on 3 November 2025,True,0,https://www.amazon.in/portal/customer-reviews/srp/-/R39GAF2HPGRWHE/ref=cm_cr_getr_d_rvw_ttl?ie=UTF8
R1OQ2K7QQJFE1N,sharon p S,2.0,Quality not up to the rate,Very thin material,Reviewed in India on 30 October 2025,True,0,https://www.amazon.in/portal/customer-reviews/srp/-/R1OQ2K7QQJFE1N/ref=cm_cr_getr_d_rvw_ttl?ie=UTF8
R3BYGNUA7KHOKU,Shyamala Devi,5.0,Good,Good,Reviewed in India on 27 October 2025,True,0,https://www.amazon.in/portal/customer-reviews/srp/-/R3BYGNUA7KHOKU/ref=cm_cr_getr_d_rvw_ttl?ie=UTF8
R2JB6SY9PXGWKT,Amazon Customer,5.0,Good,Good,Reviewed in India on 27 October 2025,True,0,https://www.amazon.in/portal/customer-reviews/srp/-/R2JB6SY9PXGWKT/ref=cm_cr_getr_d_rvw_ttl?ie=UTF8
R1KO19TZ916GTY,Nokia,1.0,It's risky to order clothes online.,"Quality, fitting and finishing is pathetic. Don't recommend others to buy.",Reviewed in India on 8 October 2025,True,0,https://www.amazon.in/portal/customer-reviews/srp/-/R1KO19TZ916GTY/ref=cm_cr_getr_d_rvw_ttl?ie=UTF8
R2SWYDG7NKQFMF,karen,5.0,Quality for money.,"Loved the quality, size and fit. Rarely do I get a good fit from ready-made garments:but this was an exception.",Reviewed in India on 28 September 2025,True,0,https://www.amazon.in/portal/customer-reviews/srp/-/R2SWYDG7NKQFMF/ref=cm_cr_getr_d_rvw_ttl?ie=UTF8
R3TVLRG6PUEF7B,Nishant Sinha,1.0,Cheap looking dress,Cloth is tooo bad... And it looks very dull,Reviewed in India on 23 September 2025,True,0,https://www.amazon.in/portal/customer-reviews/srp/-/R3TVLRG6PUEF7B/ref=cm_cr_getr_d_rvw_ttl?ie=UTF8
RXN8WG6HV5ASJ,K Mounika,5.0,Super,Nice,Reviewed in India on 18 September 2025,True,0,https://www.amazon.in/portal/customer-reviews/srp/-/RXN8WG6HV5ASJ/ref=cm_cr_getr_d_rvw_ttl?ie=UTF8
R395TJR259W84P,Merlin,5.0,Quick delivery,The order got delivered the next day of ordering it. Quality was nice.,Reviewed in India on 17 September 2025,True,0,https://www.amazon.in/portal/customer-reviews/srp/-/R395TJR259W84P/ref=cm_cr_getr_d_rvw_ttl?ie=UTF8
R3MDBYHK159J8Y,Vaishali,1.0,Don't buy,Worst quality... fitting not good.plz plz don't buy.wastage of money,Reviewed in India on 16 September 2025,True,0,https://www.amazon.in/portal/customer-reviews/srp/-/R3MDBYHK159J8Y/ref=cm_cr_getr_d_rvw_ttl?ie=UTF8
R2MBQUTDQA8L3R,Charu KHOKHANI,1.0,I dont like the fitting,I don't like the fitting on me I would like to return it I don't like the flow on me,Reviewed in India on 10 September 2025,False,0,https://www.amazon.in/portal/customer-reviews/srp/-/R2MBQUTDQA8L3R/ref=cm_cr_getr_d_rvw_ttl?ie=UTF8
R3VKXGTMPZXMAF,Era,5.0,Beautiful dress,"These One-Piece Maxi Dress for versatile and elegant piece, that provides both comfort and style. It's typically a long, making it suitable for casual outings and more any other events. Beautiful prints, solid colors, or patterns to suit different occasion.",Reviewed in India on 5 February 2025,True,0,https://www.amazon.in/portal/customer-reviews/srp/-/R3VKXGTMPZXMAF/ref=cm_cr_getr_d_rvw_ttl?ie=UTF8
R113PMVY7UFGZ7,Mansi,5.0,Give a stylish look,"The lightweight fabric is comfortable and breathable, ideal for warm weather. The dress has a flattering fit that complements various body types. The vibrant colors and chic design make it a standout piece. However, the sizing may run a bit small, so consider ordering a size up for a better fit.",Reviewed in India on 4 September 2024,True,0,https://www.amazon.in/portal/customer-reviews/srp/-/R113PMVY7UFGZ7/ref=cm_cr_getr_d_rvw_ttl?ie=UTF8
R1ZD7RIBFBKVKH,shivani jain,5.0,So beautiful 🤩,This outfit I order for myself I just love this amazing fabric fittingis so perfect Fabric so comfortable quality is amazing must buy,Reviewed in India on 13 July 2025,True,0,https://www.amazon.in/portal/customer-reviews/srp/-/R1ZD7RIBFBKVKH/ref=cm_cr_getr_d_rvw_ttl?ie=UTF8
R326V7WB2LH6LF,Shivam shukla,5.0,Comfortable dress,Lovely dress I found on Amazon for my wife she really like this dress quality is good for daily basis and it is very comfortable,Reviewed in India on 6 July 2025,True,0,https://www.amazon.in/portal/customer-reviews/srp/-/R326V7WB2LH6LF/ref=cm_cr_getr_d_rvw_ttl?ie=UTF8
RBSG1GWHYYSPY,Sneha Sharma,5.0,Perfect Maxi Dress!,"Fits beautifully and feels super comfortable. The fabric is lightweight and flowy, making it ideal for both daytime and evening wear. Great value for money!",Reviewed in India on 22 June 2025,True,0,https://www.amazon.in/portal/customer-reviews/srp/-/RBSG1GWHYYSPY/ref=cm_cr_getr_d_rvw_ttl?ie=UTF8
R2B0KL1FJO1P6R,Amarjeet,5.0,Wow product,"Click to play video It is actually more beautiful in real ... Fabric is very soft, good print quality and stitching. Its very light weight and soft on skin. Worth buying it. Good addition for vacation or casual styling. Ordered in M size.",Reviewed in India on 18 September 2024,True,17,https://www.amazon.in/portal/customer-reviews/srp/-/R2B0KL1FJO1P6R/ref=cm_cr_getr_d_rvw_ttl?ie=UTF8
R1FKH7C00O2I73,SAMIT BIJLANI,5.0,Stylish and comfortable,The fit is flattering and good quality fabric this design is very beautiful any sexy looking Great value for the range.,Reviewed in India on 11 July 2025,True,0,https://www.amazon.in/portal/customer-reviews/srp/-/R1FKH7C00O2I73/ref=cm_cr_getr_d_rvw_ttl?ie=UTF8
R2G4AQN323WC0T,PRITHA,5.0,Comfortable wear,"Value for money. Print looks nice. Fits really well. Comfortable to wear in Bangalore's climate, even in summer. But needs an underskirt, which i bought separately.",Reviewed in India on 13 April 2025,True,2,https://www.amazon.in/portal/customer-reviews/srp/-/R2G4AQN323WC0T/ref=cm_cr_getr_d_rvw_ttl?ie=UTF8
R1J1CYYU87M79E,Bhavna,5.0,Trendy and casual,Its cute dress and material is also good. Very comfortable for summers. Gives a good casual look.,Reviewed in India on 13 July 2025,True,0,https://www.amazon.in/portal/customer-reviews/srp/-/R1J1CYYU87M79E/ref=cm_cr_getr_d_rvw_ttl?ie=UTF8
R1QPREOF4EVGJ2,Rohit,5.0,Nyc fitting,"Very nice and comfortable, good stylish in this range , fitting is also good , I will definitely recommend to others.",Reviewed in India on 18 May 2025,True,0,https://www.amazon.in/portal/customer-reviews/srp/-/R1QPREOF4EVGJ2/ref=cm_cr_getr_d_rvw_ttl?ie=UTF8
RVT88UZXVJHW3,Aameen rahmani,5.0,comfortable feel,stylish looking and comfortable feel. this design is amazing and its good for outting and party.,Reviewed in India on 17 July 2025,True,0,https://www.amazon.in/portal/customer-reviews/srp/-/RVT88UZXVJHW3/ref=cm_cr_getr_d_rvw_ttl?ie=UTF8
R3HQ02DY3Z2QIG,Firdos m k,5.0,Amazing Quality,"Gifted this to my mother and she loved it. Very comfortable, lightweight and good quality product.",Reviewed in India on 7 July 2025,True,0,https://www.amazon.in/portal/customer-reviews/srp/-/R3HQ02DY3Z2QIG/ref=cm_cr_getr_d_rvw_ttl?ie=UTF8
R2661L92EBOKO4,Akshara Agrawal,5.0,Beautiful Dress,This dress is seriously very beautiful. Without any doubt go for it. You might feel little thick material but after wearing 2-3 times you will be comfortable. Quality is also good.,Reviewed in India on 5 September 2024,True,0,https://www.amazon.in/portal/customer-reviews/srp/-/R2661L92EBOKO4/ref=cm_cr_getr_d_rvw_ttl?ie=UTF8
R27H76UYYWTFIQ,Geeta chaudhary,5.0,Very good quality,"Product really good in quality ,very soft n elegant . I received as I order . First time got something which was good in fitting..",Reviewed in India on 31 January 2025,True,0,https://www.amazon.in/portal/customer-reviews/srp/-/R27H76UYYWTFIQ/ref=cm_cr_getr_d_rvw_ttl?ie=UTF8
R15F7IENF7JE52,Suhasini,5.0,Nice,So fast delivery thank s amazon,Reviewed in India on 31 August 2025,True,0,https://www.amazon.in/portal/customer-reviews/srp/-/R15F7IENF7JE52/ref=cm_cr_getr_d_rvw_ttl?ie=UTF8
R1MON8IAJ531HM,Sumedha Deshpande,5.0,affordable value,"its looking very well this product fabric, and others material quality is very nice and affordable value.",Reviewed in India on 4 June 2025,True,0,https://www.amazon.in/portal/customer-reviews/srp/-/R1MON8IAJ531HM/ref=cm_cr_getr_d_rvw_ttl?ie=UTF8
REDB2LRWT7VS1,Jaya Khalsa,5.0,Perfect Dress,This cotton dress is perfect for summer the fabric feels amazing and the color is also very nice,Reviewed in India on 27 March 2025,True,0,https://www.amazon.in/portal/customer-reviews/srp/-/REDB2LRWT7VS1/ref=cm_cr_getr_d_rvw_ttl?ie=UTF8
R394J20J4EWCRG,S D,5.0,Excellent,"Product really good in quality ,very soft n elegant . I received as I order . First time got something which was good in fitting..",Reviewed in India on 30 December 2024,True,0,https://www.amazon.in/portal/customer-reviews/srp/-/R394J20J4EWCRG/ref=cm_cr_getr_d_rvw_ttl?ie=UTF8
R29MWJZNOYU88P,Balvinder Manjeet kathuria,5.0,Really beautiful,This Dress is really beautiful. Good quality of the fabric and color combination is also very good. I am using it for office and casual both way. Value for money.. getting compliments.,Reviewed in India on 18 July 2024,True,2,https://www.amazon.in/portal/customer-reviews/srp/-/R29MWJZNOYU88P/ref=cm_cr_getr_d_rvw_ttl?ie=UTF8
R2O63YL4B4N88C,S,5.0,Affordable attire with low cost,Very nice costume with perfect color combination and well suited for vacation with a affordable cost. Loved it,Reviewed in India on 13 April 2025,True,0,https://www.amazon.in/portal/customer-reviews/srp/-/R2O63YL4B4N88C/ref=cm_cr_getr_d_rvw_ttl?ie=UTF8
RX933P9PT8AMO,yogita rawat,5.0,Looks elegant,Fabric is perfect colour is same as shown perfect outfit,Reviewed in India on 13 July 2025,True,0,https://www.amazon.in/portal/customer-reviews/srp/-/RX933P9PT8AMO/ref=cm_cr_getr_d_rvw_ttl?ie=UTF8
R1Z4MMUCTT5H6S,Sahil Samanta,5.0,Comfortable and easy to carry,Proper fitting and colour is good to wear for any occasion. Proper length and cloth material,Reviewed in India on 4 May 2025,True,0,https://www.amazon.in/portal/customer-reviews/srp/-/R1Z4MMUCTT5H6S/ref=cm_cr_getr_d_rvw_ttl?ie=UTF8
R3BKJDDWYXQK1I,kalplata Pilake,5.0,"Comfortable, Stylish","This midi dress very comfortable,stylish,size is perfect, colour exact as shown, useful for daily ware and also comfortable in summer.Happy.",Reviewed in India on 2 February 2025,True,0,https://www.amazon.in/portal/customer-reviews/srp/-/R3BKJDDWYXQK1I/ref=cm_cr_getr_d_rvw_ttl?ie=UTF8
RLA3DXB7XYZB2,Amazon Customer,5.0,Good dress,The dress is good and also the fabric is comfortable. The delivery was also on time. Overall good dress,Reviewed in India on 20 February 2025,True,0,https://www.amazon.in/portal/customer-reviews/srp/-/RLA3DXB7XYZB2/ref=cm_cr_getr_d_rvw_ttl?ie=UTF8
RJSJWQOOOC8S5,Mansi Gurav,5.0,Parfect To Buy This dress !!,"Fabric Quality , comfortable , style , parfect to buy this product , Nice to fit !!",Reviewed in India on 23 March 2025,True,0,https://www.amazon.in/portal/customer-reviews/srp/-/RJSJWQOOOC8S5/ref=cm_cr_getr_d_rvw_ttl?ie=UTF8
R1CDMA2J94JJ7,Olyvin Dmello,5.0,Fancy and elegant dress,Very good and gives elegant look. A Must buy 👍,Reviewed in India on 26 June 2025,True,0,https://www.amazon.in/portal/customer-reviews/srp/-/R1CDMA2J94JJ7/ref=cm_cr_getr_d_rvw_ttl?ie=UTF8
R1W7WUXI2ZISON,Placeholder,5.0,Lovely Dress,Overall it was a good dress,Reviewed in India on 27 July 2025,True,0,https://www.amazon.in/portal/customer-reviews/srp/-/R1W7WUXI2ZISON/ref=cm_cr_getr_d_rvw_ttl?ie=UTF8
R21JO612I20XUQ,Subhash ev,5.0,Recommended👍👍👍👍🥰🥰,Super,Reviewed in India on 9 September 2025,True,0,https://www.amazon.in/portal/customer-reviews/srp/-/R21JO612I20XUQ/ref=cm_cr_getr_d_rvw_ttl?ie=UTF8
RTVG885MXUA0E,Vrinda,5.0,Lovely dress,So lovely dress it is.... Just go for it... Maroon colour.,Reviewed in India on 11 June 2025,True,0,https://www.amazon.in/portal/customer-reviews/srp/-/RTVG885MXUA0E/ref=cm_cr_getr_d_rvw_ttl?ie=UTF8
R3K99KU3GLA5SY,Koyel,5.0,Very nice dress with comfortable fabric and design.,Very nice dress with comfortable fabric and design. Will buy more of this brand.,Reviewed in India on 24 March 2025,True,0,https://www.amazon.in/portal/customer-reviews/srp/-/R3K99KU3GLA5SY/ref=cm_cr_getr_d_rvw_ttl?ie=UTF8
R18KLLWEIJ1TOK,Sonal,5.0,Nice fabric,Superb! It fitted so well hope colour will not run. Really nice correct size. Helpful,Reviewed in India on 26 March 2025,True,2,https://www.amazon.in/portal/customer-reviews/srp/-/R18KLLWEIJ1TOK/ref=cm_cr_getr_d_rvw_ttl?ie=UTF8
R1WCZNQ5ONJS95,Nishita Patil,5.0,Summerdress,"Pretty minimalistic one piece, better suited for lean women, but if you are like me, I suggest make it into an off shoulder dress",Reviewed in India on 17 July 2024,True,6,https://www.amazon.in/portal/customer-reviews/srp/-/R1WCZNQ5ONJS95/ref=cm_cr_getr_d_rvw_ttl?ie=UTF8
R2F0WH67E9WSU4,Padmaja,5.0,More than worth it,Everybody has complimented me even at my work and even my family members ❤️ and it's very affordable,Reviewed in India on 24 January 2025,True,0,https://www.amazon.in/portal/customer-reviews/srp/-/R2F0WH67E9WSU4/ref=cm_cr_getr_d_rvw_ttl?ie=UTF8
R3DIPL8SN1ZE41,Palak vishwakarma,5.0,Worth putting money,The dress was too good everyone complemented me so but it gurl 🥰✅,Reviewed in India on 10 April 2025,True,0,https://www.amazon.in/portal/customer-reviews/srp/-/R3DIPL8SN1ZE41/ref=cm_cr_getr_d_rvw_ttl?ie=UTF8
R69I72GGQQIPU,Salman islam,5.0,nice party wear dress,nice party wear dress durability is good and design is a excellent.,Reviewed in India on 23 April 2025,True,0,https://www.amazon.in/portal/customer-reviews/srp/-/R69I72GGQQIPU/ref=cm_cr_getr_d_rvw_ttl?ie=UTF8
R3ECJ0HGBCQ6CE,Amazon Customer,5.0,The look is very good,It’s really fits me so well . Very stylish comfy and quality is also good,Reviewed in India on 25 January 2025,True,0,https://www.amazon.in/portal/customer-reviews/srp/-/R3ECJ0HGBCQ6CE/ref=cm_cr_getr_d_rvw_ttl?ie=UTF8
R2XQQSKLVMZMXR,Johanita,5.0,Value for money,I love the product. Value for money,Reviewed in India on 16 June 2025,True,0,https://www.amazon.in/portal/customer-reviews/srp/-/R2XQQSKLVMZMXR/ref=cm_cr_getr_d_rvw_ttl?ie=UTF8
R3LYZ1N2V73Q7E,Mamota deb paul,5.0,Beautiful 😍,This is very stylish . You can go for it.,Reviewed in India on 28 April 2025,True,0,https://www.amazon.in/portal/customer-reviews/srp/-/R3LYZ1N2V73Q7E/ref=cm_cr_getr_d_rvw_ttl?ie=UTF8
R2WMDTT2AQHAH4,Pratima Choudhary,5.0,Nice product,Cloth quilty is good,Reviewed in India on 12 July 2025,True,0,https://www.amazon.in/portal/customer-reviews/srp/-/R2WMDTT2AQHAH4/ref=cm_cr_getr_d_rvw_ttl?ie=UTF8
R2DFX2PX81FV5N,Nishtha Sharma,5.0,Nice,Good m comfortable cloth,Reviewed in India on 14 July 2025,True,0,https://www.amazon.in/portal/customer-reviews/srp/-/R2DFX2PX81FV5N/ref=cm_cr_getr_d_rvw_ttl?ie=UTF8
R2CIA4V2RGMJPA,Kavita,5.0,Value for money,Good in terms of quality and price,Reviewed in India on 4 June 2025,True,0,https://www.amazon.in/portal/customer-reviews/srp/-/R2CIA4V2RGMJPA/ref=cm_cr_getr_d_rvw_ttl?ie=UTF8
R39CUS6Z4MRB5A,Amazon Customer,5.0,Highly recommended!,"If you’re looking for a dress that combines style, comfort, and quality, this is the one. Highly recommended!",Reviewed in India on 26 November 2024,True,0,https://www.amazon.in/portal/customer-reviews/srp/-/R39CUS6Z4MRB5A/ref=cm_cr_getr_d_rvw_ttl?ie=UTF8
R3MEB253CB2WL4,Ipsita Maharana,5.0,"Quality, make and look as expected",After returning few Dresses I have been completely satisfied in all ways with thos dress. It looks very nice.,Reviewed in India on 7 October 2024,True,0,https://www.amazon.in/portal/customer-reviews/srp/-/R3MEB253CB2WL4/ref=cm_cr_getr_d_rvw_ttl?ie=UTF8
RTCVRQYM8TGVU,Pushpa Purohit,5.0,Just amazing,"This Dress is really beautiful. Quality and fabric is too good. And also valuable for a money, Go for it",Reviewed in India on 5 September 2024,True,3,https://www.amazon.in/portal/customer-reviews/srp/-/RTCVRQYM8TGVU/ref=cm_cr_getr_d_rvw_ttl?ie=UTF8
R4UAH9HS1GZ0Q,Vartika,5.0,Very comfortable fabric,Looks very stylish with amazing quality perfect to wear in office and a complete value for money.,Reviewed in India on 1 December 2024,True,0,https://www.amazon.in/portal/customer-reviews/srp/-/R4UAH9HS1GZ0Q/ref=cm_cr_getr_d_rvw_ttl?ie=UTF8
R3SYM82T1HRLUM,ANIKET SINGH,5.0,Product,The colour combination was very good and fitting great,Reviewed in India on 22 April 2025,True,0,https://www.amazon.in/portal/customer-reviews/srp/-/R3SYM82T1HRLUM/ref=cm_cr_getr_d_rvw_ttl?ie=UTF8
R7F98BGFL0DCT,Harkirat Sidhu,5.0,One must have this kind of dress,Stuff is too comfortable,Reviewed in India on 9 July 2025,True,0,https://www.amazon.in/portal/customer-reviews/srp/-/R7F98BGFL0DCT/ref=cm_cr_getr_d_rvw_ttl?ie=UTF8
R1MBJOVHCXCPW8,deepa,5.0,Nice,"Good quality, no shrinking, no colour fading anf the same even after 4 washes.",Reviewed in India on 17 November 2024,True,0,https://www.amazon.in/portal/customer-reviews/srp/-/R1MBJOVHCXCPW8/ref=cm_cr_getr_d_rvw_ttl?ie=UTF8
RKKC1ABANC59R,Rani sonii,5.0,Love it,I love this dress summerproof dress very comfortable and i love the quality fit is amazing buy now so good.,Reviewed in India on 22 August 2025,False,0,https://www.amazon.in/portal/customer-reviews/srp/-/RKKC1ABANC59R/ref=cm_cr_getr_d_rvw_ttl?ie=UTF8
R2RMHGUNHZD6GE,KARTHIKEYAN.S,5.0,Too good,Cloth quality is good... Highly recommended.. size is also perfect... Happy for buying this product.. good for wearing in beach,Reviewed in India on 13 August 2025,False,0,https://www.amazon.in/portal/customer-reviews/srp/-/R2RMHGUNHZD6GE/ref=cm_cr_getr_d_rvw_ttl?ie=UTF8
R2PPPRXFTC2UVP,Srashti jaiswal,5.0,Material feels luxurious,Quality of this dress is outstanding. The material feels luxurious. Dress fits true to size and its is extremely comfortable.This dress made me feel confident and beautiful.,Reviewed in India on 20 July 2025,True,0,https://www.amazon.in/portal/customer-reviews/srp/-/R2PPPRXFTC2UVP/ref=cm_cr_getr_d_rvw_ttl?ie=UTF8
R253LB233BDRMA,Govind,5.0,Casual Maxi Dress,I bought the leriya printed maxi dress for my daughter. She like the dress white and green color. The fabric of this dress is breathable and lightweight. This dress for summer and she is wearing daily. Its fits perfectly and looks so pretty. She feels comfortable after wearing this dress. Quality wise this dress is good and its easy to machine wash. Good maxi in this price range. Thanks.,Reviewed in India on 19 July 2025,True,0,https://www.amazon.in/portal/customer-reviews/srp/-/R253LB233BDRMA/ref=cm_cr_getr_d_rvw_ttl?ie=UTF8
RYFGEI03UG74X,Rushank,5.0,Superb u,Recently I have purchased this beautiful dress. Combination of black and white id just awesome. So comfortable and gives us the eye catching look. Perfect for Summers . Fitting is perfect. Print is do beautiful. must buy.,Reviewed in India on 17 July 2025,True,0,https://www.amazon.in/portal/customer-reviews/srp/-/RYFGEI03UG74X/ref=cm_cr_getr_d_rvw_ttl?ie=UTF8
R2PDV0P1YOCSFW,Surbhi,5.0,Very nice dress,Very nice product,Reviewed in India on 12 July 2025,True,0,https://www.amazon.in/portal/customer-reviews/srp/-/R2PDV0P1YOCSFW/ref=cm_cr_getr_d_rvw_ttl?ie=UTF8
R1Q1BV2PM2N909,Chanchal soni,5.0,Nice,Size fit fabric quality best and material also Colour are so good style. I'm very happy.,Reviewed in India on 6 July 2025,True,0,https://www.amazon.in/portal/customer-reviews/srp/-/R1Q1BV2PM2N909/ref=cm_cr_getr_d_rvw_ttl?ie=UTF8
R1QEZ8LPD38T0V,Suvechha Debnath,5.0,Go for it girls,"The style & design is exactly the same as shown in the catalogue, I liked how it really fits my body",Reviewed in India on 5 July 2025,True,0,https://www.amazon.in/portal/customer-reviews/srp/-/R1QEZ8LPD38T0V/ref=cm_cr_getr_d_rvw_ttl?ie=UTF8
R3157USRY684DU,Dimple margan,5.0,Good fit and comfortable material. The colors is also nice.. Thank you amazon,,Reviewed in India on 4 July 2025,True,0,https://www.amazon.in/portal/customer-reviews/srp/-/R3157USRY684DU/ref=cm_cr_getr_d_rvw_ttl?ie=UTF8
R259LM63YK21QM,Priyanka,5.0,Good value fory money,"Very comfortable,quality is good ,casual wear elegant colour",Reviewed in India on 4 July 2025,True,0,https://www.amazon.in/portal/customer-reviews/srp/-/R259LM63YK21QM/ref=cm_cr_getr_d_rvw_ttl?ie=UTF8
R1MLDXLG0KY8XF,Kripal,5.0,Good,"Fabric quality is osm ,❣️✨💖 colour is very vibrant soft fabric, wow product good print,❤️wow Must buy Very nice Overall preety dress",Reviewed in India on 3 July 2025,False,0,https://www.amazon.in/portal/customer-reviews/srp/-/R1MLDXLG0KY8XF/ref=cm_cr_getr_d_rvw_ttl?ie=UTF8
R1LEHTZ04H2RUH,Riyashah,5.0,Amazing product,Size fit fabric quality best and material also .. Colour are so good style 👍🏻,Reviewed in India on 2 July 2025,True,0,https://www.amazon.in/portal/customer-reviews/srp/-/R1LEHTZ04H2RUH/ref=cm_cr_getr_d_rvw_ttl?ie=UTF8
R3GMOHZ9HJAQU9,Nikita,5.0,Good,Good fitting,Reviewed in India on 2 July 2025,True,0,https://www.amazon.in/portal/customer-reviews/srp/-/R3GMOHZ9HJAQU9/ref=cm_cr_getr_d_rvw_ttl?ie=UTF8
RBN1TYPP236RA,Sybal Cordeiro,5.0,Nice print and great quality outfit,This dress is very nice very comfortable to wear and walk.beautiful print quality.great for summer wear.streachable and affordable price.,Reviewed in India on 30 June 2025,True,0,https://www.amazon.in/portal/customer-reviews/srp/-/RBN1TYPP236RA/ref=cm_cr_getr_d_rvw_ttl?ie=UTF8
R3A37Y6MK3UC55,Sajeev .p devayani,5.0,Ss,Good,Reviewed in India on 24 June 2025,True,0,https://www.amazon.in/portal/customer-reviews/srp/-/R3A37Y6MK3UC55/ref=cm_cr_getr_d_rvw_ttl?ie=UTF8
R3PJ5S283JAUKC,pooja narang,5.0,Awesome,Nice Fabric is comfortable,Reviewed in India on 22 June 2025,True,0,https://www.amazon.in/portal/customer-reviews/srp/-/R3PJ5S283JAUKC/ref=cm_cr_getr_d_rvw_ttl?ie=UTF8
R3KIFJMP50X5D7,Yash Bhawsinghka,5.0,Nice,"So comfortable and breathable fabric , perfect for Summers , it fits perfectly and looks stylish,print quality is very good. Colours combination is too good.",Reviewed in India on 22 June 2025,True,0,https://www.amazon.in/portal/customer-reviews/srp/-/R3KIFJMP50X5D7/ref=cm_cr_getr_d_rvw_ttl?ie=UTF8
RSM3A2YJER71K,Akansha Arya,5.0,Love this product.,Stretchability: Good Color: Perfect as shown in picture Comfort: Comfortable to wear,Reviewed in India on 21 June 2025,True,0,https://www.amazon.in/portal/customer-reviews/srp/-/RSM3A2YJER71K/ref=cm_cr_getr_d_rvw_ttl?ie=UTF8
R3MP6MSC88NGZU,Naheen Parveen,5.0,Good quality,Good one. Quality of the product is really good. Comfortable and soft material. Must try it.,Reviewed in India on 21 June 2025,True,0,https://www.amazon.in/portal/customer-reviews/srp/-/R3MP6MSC88NGZU/ref=cm_cr_getr_d_rvw_ttl?ie=UTF8
RB9FDRF3BHKAE,Mangukiya krish,5.0,Stylish and comfortable summer dress.,"I bought the black and white version of this dress and absolutely love it! The fabric is light and breathable, perfect for summer days. The fit is flattering with a nice flowy design, and the waist tie adds a lovely shape to the body. The print is bold and unique, making it stand out without being too loud. It looks exactly like the pictures and feels comfortable for all-day wear. Great value for the price!",Reviewed in India on 19 June 2025,True,0,https://www.amazon.in/portal/customer-reviews/srp/-/RB9FDRF3BHKAE/ref=cm_cr_getr_d_rvw_ttl?ie=UTF8
R1O6MYIX4A7REE,Neha garg,5.0,Very nice dress,Very very nice dress i liked this very much everyone buy this dress fabric is so good 👍😊 oswm dress,Reviewed in India on 14 June 2025,False,2,https://www.amazon.in/portal/customer-reviews/srp/-/R1O6MYIX4A7REE/ref=cm_cr_getr_d_rvw_ttl?ie=UTF8
R145V1ECLI7NBY,Product is not working properly,4.0,Comfortable,Comfortable wear,Reviewed in India on 17 February 2025,True,0,https://www.amazon.in/portal/customer-reviews/srp/-/R145V1ECLI7NBY/ref=cm_cr_getr_d_rvw_ttl?ie=UTF8
R3DA3OTG8MGN8Y,Anu,4.0,It’s good,,Reviewed in India on 20 February 2025,True,3,https://www.amazon.in/portal/customer-reviews/srp/-/R3DA3OTG8MGN8Y/ref=cm_cr_getr_d_rvw_ttl?ie=UTF8
RKTL7TKE4ZB3U,Nfs,4.0,Beautiful!,Nice dress than expected! Everyone liked it,Reviewed in India on 20 November 2024,True,0,https://www.amazon.in/portal/customer-reviews/srp/-/RKTL7TKE4ZB3U/ref=cm_cr_getr_d_rvw_ttl?ie=UTF8
R30BMLHAPT209G,anannya banerjee,4.0,Value for money,Good quality and value for money. Size is proper.,Reviewed in India on 1 September 2024,True,0,https://www.amazon.in/portal/customer-reviews/srp/-/R30BMLHAPT209G/ref=cm_cr_getr_d_rvw_ttl?ie=UTF8
R3G493QCCTFJNV,Ankita Singh,4.0,I liked it,Very comfortable dress go for it👍🏻,Reviewed in India on 19 November 2024,True,2,https://www.amazon.in/portal/customer-reviews/srp/-/R3G493QCCTFJNV/ref=cm_cr_getr_d_rvw_ttl?ie=UTF8
R3R8XBIZ8W0PSG,Divya Sahu,4.0,Same As Shown,Acha tha..,Reviewed in India on 27 January 2025,True,0,https://www.amazon.in/portal/customer-reviews/srp/-/R3R8XBIZ8W0PSG/ref=cm_cr_getr_d_rvw_ttl?ie=UTF8
RREN68W6MDISB,Anitta Treesa,4.0,Not bad but not that great,,Reviewed in India on 29 January 2025,True,2,https://www.amazon.in/portal/customer-reviews/srp/-/RREN68W6MDISB/ref=cm_cr_getr_d_rvw_ttl?ie=UTF8
RGLNI1NNCGZC1,Meghana Reddy,4.0,worth to buy,It's lukn same as like picture worth to buy,Reviewed in India on 19 August 2024,True,0,https://www.amazon.in/portal/customer-reviews/srp/-/RGLNI1NNCGZC1/ref=cm_cr_getr_d_rvw_ttl?ie=UTF8
R3MI29IK191MTV,"It is very different from the picture, low quality and tomato red looks very dull. Cloth is alright but looks faded red, do not buy this product.",4.0,Good,"looks very stylish, comfortable, good stiching",Reviewed in India on 13 October 2024,True,4,https://www.amazon.in/portal/customer-reviews/srp/-/R3MI29IK191MTV/ref=cm_cr_getr_d_rvw_ttl?ie=UTF8
R1MSSM54FDW6W9,JANHVI,4.0,Good,Good,Reviewed in India on 17 January 2025,True,0,https://www.amazon.in/portal/customer-reviews/srp/-/R1MSSM54FDW6W9/ref=cm_cr_getr_d_rvw_ttl?ie=UTF8
R3I70SYBS6KI3D,Amruta,4.0,Good product,Nice fabric and perfect colour,Reviewed in India on 9 October 2024,True,0,https://www.amazon.in/portal/customer-reviews/srp/-/R3I70SYBS6KI3D/ref=cm_cr_getr_d_rvw_ttl?ie=UTF8
ROF73A0LVLV0V,Suh,4.0,Amazing product,Amazing product love it,Reviewed in India on 5 October 2024,True,0,https://www.amazon.in/portal/customer-reviews/srp/-/ROF73A0LVLV0V/ref=cm_cr_getr_d_rvw_ttl?ie=UTF8
R16MT0IGCDULC6,Varghese P.A.,4.0,Ok,Ok,Reviewed in India on 18 December 2024,True,0,https://www.amazon.in/portal/customer-reviews/srp/-/R16MT0IGCDULC6/ref=cm_cr_getr_d_rvw_ttl?ie=UTF8
R1A9K8T8JAE4JD,b.sarada,4.0,Good,Good,Reviewed in India on 30 November 2024,True,0,https://www.amazon.in/portal/customer-reviews/srp/-/R1A9K8T8JAE4JD/ref=cm_cr_getr_d_rvw_ttl?ie=UTF8
R1LW6ZSUJ9XTFK,Awesome,4.0,Superb,Superb,Reviewed in India on 15 October 2024,True,0,https://www.amazon.in/portal/customer-reviews/srp/-/R1LW6ZSUJ9XTFK/ref=cm_cr_getr_d_rvw_ttl?ie=UTF8
R309GSENM00JST,Srithar,4.0,Length is short,Good,Reviewed in India on 22 September 2024,True,0,https://www.amazon.in/portal/customer-reviews/srp/-/R309GSENM00JST/ref=cm_cr_getr_d_rvw_ttl?ie=UTF8
R2H2RTCXSL27ZX,Rizuan,4.0,Nice dreas,Nice dress 😍..loved it .. MATERIAL QUALITY IS ALWAYS GOOD... fitting is good 👍 just wow..... Loved it ...just wow.,Reviewed in India on 10 October 2024,False,0,https://www.amazon.in/portal/customer-reviews/srp/-/R2H2RTCXSL27ZX/ref=cm_cr_getr_d_rvw_ttl?ie=UTF8
R18OTRUYI6QUSL,AMB,4.0,وسط,الجودة للقماش وسط الموديل جميل,Reviewed in Saudi Arabia on 11 July 2026,True,0,
R29536UC8L224M,shivakumar,3.0,Missing cover bill,Tag is there but missing cover bill,Reviewed in India on 22 December 2024,True,0,https://www.amazon.in/portal/customer-reviews/srp/-/R29536UC8L224M/ref=cm_cr_getr_d_rvw_ttl?ie=UTF8
R4QXC5VIGVHJL,Mousumi,3.0,Not good,Material of this product is really not good,Reviewed in India on 3 November 2024,True,0,https://www.amazon.in/portal/customer-reviews/srp/-/R4QXC5VIGVHJL/ref=cm_cr_getr_d_rvw_ttl?ie=UTF8
R2HS9NFG8ZJUWO,Sammy,3.0,Colour is not the same,Material and colour are not as shown in the pictures.,Reviewed in India on 2 October 2024,True,0,https://www.amazon.in/portal/customer-reviews/srp/-/R2HS9NFG8ZJUWO/ref=cm_cr_getr_d_rvw_ttl?ie=UTF8
R2CAZZ4IEQ0NNG,Marissa LL,3.0,So so quality,Not as fitting around the waist area.,Reviewed in India on 17 August 2024,True,0,https://www.amazon.in/portal/customer-reviews/srp/-/R2CAZZ4IEQ0NNG/ref=cm_cr_getr_d_rvw_ttl?ie=UTF8
R2HO4G3TGXUN7K,vijaykumar,3.0,Good,Nice,Reviewed in India on 23 November 2024,True,0,https://www.amazon.in/portal/customer-reviews/srp/-/R2HO4G3TGXUN7K/ref=cm_cr_getr_d_rvw_ttl?ie=UTF8
R1NA5NE6V4F9ZK,Amazon Customer,3.0,colour not as shown,Fade colour,Reviewed in India on 21 September 2024,True,0,https://www.amazon.in/portal/customer-reviews/srp/-/R1NA5NE6V4F9ZK/ref=cm_cr_getr_d_rvw_ttl?ie=UTF8
REJR0GRPMJTKO,Rohini,3.0,Not up to the mark,It’s like a kaftan dress,Reviewed in India on 10 September 2024,True,0,https://www.amazon.in/portal/customer-reviews/srp/-/REJR0GRPMJTKO/ref=cm_cr_getr_d_rvw_ttl?ie=UTF8
R2SPXMM9EBYI1S,Payal Pandey,3.0,Fabric is thin,Not worth the money!,Reviewed in India on 15 August 2024,True,0,https://www.amazon.in/portal/customer-reviews/srp/-/R2SPXMM9EBYI1S/ref=cm_cr_getr_d_rvw_ttl?ie=UTF8
R3JZW8HAMB3O9K,Sid,3.0,Bad,Smaal,Reviewed in India on 27 August 2024,True,0,https://www.amazon.in/portal/customer-reviews/srp/-/R3JZW8HAMB3O9K/ref=cm_cr_getr_d_rvw_ttl?ie=UTF8
R1SGC53YYE9BDS,AJ,3.0,Average,"Color, quality, comfort, was missing to whats shown in the product, style was also different, not at all value for money. Rethink before buying this brand.",Reviewed in India on 2 November 2024,False,0,https://www.amazon.in/portal/customer-reviews/srp/-/R1SGC53YYE9BDS/ref=cm_cr_getr_d_rvw_ttl?ie=UTF8
R2YO8K9UQMHIRO,majid,3.0,السعودية,غير جيد للغاية كشكل عند ارتداءه، يزيد الحجم و يجعلك بدينة اكثر ، لم يعجبني على الإطلاق كما أن اللون باهت.,Reviewed in Saudi Arabia on 5 September 2026,True,0,
R189NAYVVP6S6E,Varsh_AnVe_SaRaN,2.0,Not good,Received product was a faded white Have lots of pen marking Not a good one,Reviewed in India on 15 July 2025,True,0,https://www.amazon.in/portal/customer-reviews/srp/-/R189NAYVVP6S6E/ref=cm_cr_arp_d_rvw_ttl?ie=UTF8
RG7QQED3ZJOKG,krishna mohan rao sunkara,2.0,Cloth quality poor,Length very short this brand not same clothes not rayon,Reviewed in India on 26 June 2025,True,0,https://www.amazon.in/portal/customer-reviews/srp/-/RG7QQED3ZJOKG/ref=cm_cr_arp_d_rvw_ttl?ie=UTF8
R2ONNTQM9E3F84,Elizabeth,2.0,Not comfortable,No tag on cloth. Seems like used. Ok type but not comfortable to wear. Color is little dull.,Reviewed in India on 21 May 2025,True,0,https://www.amazon.in/portal/customer-reviews/srp/-/R2ONNTQM9E3F84/ref=cm_cr_getr_d_rvw_ttl?ie=UTF8
RZXH8QIO9MR6S,Rubina,2.0,Average,Colour isn’t as it seems. Print is faulty. Correct sizing.,Reviewed in India on 15 May 2025,True,0,https://www.amazon.in/portal/customer-reviews/srp/-/RZXH8QIO9MR6S/ref=cm_cr_getr_d_rvw_ttl?ie=UTF8
R361HY3SPO7CAQ,Preeti,2.0,Not recomended,Did not like the material. It got bubbles in 1st wash itself.,Reviewed in India on 16 April 2025,True,0,https://www.amazon.in/portal/customer-reviews/srp/-/R361HY3SPO7CAQ/ref=cm_cr_getr_d_rvw_ttl?ie=UTF8
R1L0HSET1FT9B9,TSTN,2.0,Na…,Really bad fabric. Not cotton.,Reviewed in India on 18 June 2025,True,0,https://www.amazon.in/portal/customer-reviews/srp/-/R1L0HSET1FT9B9/ref=cm_cr_getr_d_rvw_ttl?ie=UTF8
R18SMPUEWX1GGA,Good quality 👍,2.0,Dull colour,"2XL size green colour came different, was dull against shown in pic.",Reviewed in India on 23 March 2025,True,0,https://www.amazon.in/portal/customer-reviews/srp/-/R18SMPUEWX1GGA/ref=cm_cr_getr_d_rvw_ttl?ie=UTF8
R20BQ6ISQVFLG2,TSN,2.0,Not good,Material is not comfortable. It doesn't look good,Reviewed in India on 2 March 2025,True,0,https://www.amazon.in/portal/customer-reviews/srp/-/R20BQ6ISQVFLG2/ref=cm_cr_getr_d_rvw_ttl?ie=UTF8
R3OQD61SUNYUH,vijayalakshmi,2.0,Average quality,"It’s not Rayon material as shown in picture, rather it’s a cotton dress.. product is not satisfying and looks different in real than pictures",Reviewed in India on 30 August 2024,True,0,https://www.amazon.in/portal/customer-reviews/srp/-/R3OQD61SUNYUH/ref=cm_cr_getr_d_rvw_ttl?ie=UTF8
R2R4AC993UDGSN,Really good quality product. Worth a buy. Storage made so much easier,2.0,Color runs,"Looks good, and material is nice, sadly the color ran in first wash and ruined the dress",Reviewed in India on 11 November 2024,True,0,https://www.amazon.in/portal/customer-reviews/srp/-/R2R4AC993UDGSN/ref=cm_cr_getr_d_rvw_ttl?ie=UTF8
R1EZ9IPODQJPKQ,Buvaneswari,2.0,Not satisfied with the dress,The material doesn't match the description given by seller... Not worth the money paid.... Unsatisfied with the dress,Reviewed in India on 21 October 2024,True,0,https://www.amazon.in/portal/customer-reviews/srp/-/R1EZ9IPODQJPKQ/ref=cm_cr_getr_d_rvw_ttl?ie=UTF8
R10OQ3EZOAS156,C. Vrinda,2.0,Cloth review,The cloth quality is not much good according to the price,Reviewed in India on 1 December 2024,True,0,https://www.amazon.in/portal/customer-reviews/srp/-/R10OQ3EZOAS156/ref=cm_cr_getr_d_rvw_ttl?ie=UTF8
R39HXVJ4L1I3OF,SHREY,2.0,Below average quality and fitting,"The stitching quality, fit and fabric is poor",Reviewed in India on 25 October 2024,True,0,https://www.amazon.in/portal/customer-reviews/srp/-/R39HXVJ4L1I3OF/ref=cm_cr_getr_d_rvw_ttl?ie=UTF8
R3CHO8XF9CC6II,Very nice product. Worth buying,2.0,Not Ok,Quality is just ok and fitting is not good,Reviewed in India on 9 October 2024,True,0,https://www.amazon.in/portal/customer-reviews/srp/-/R3CHO8XF9CC6II/ref=cm_cr_getr_d_rvw_ttl?ie=UTF8
R2UTXXYD6YH1BF,Kishore Kumar,2.0,Fabric quality is not good,Looks very cheap quality fabric used,Reviewed in India on 22 October 2024,True,0,https://www.amazon.in/portal/customer-reviews/srp/-/R2UTXXYD6YH1BF/ref=cm_cr_getr_d_rvw_ttl?ie=UTF8
R3OTKYQW1YHK13,Kusum Ahmed,2.0,Ok product,Fabric was ok ok....so returned,Reviewed in India on 27 October 2024,True,0,https://www.amazon.in/portal/customer-reviews/srp/-/R3OTKYQW1YHK13/ref=cm_cr_getr_d_rvw_ttl?ie=UTF8
R22NHUZDA1W8J,Rohini,2.0,Not the same material,Not the material shown as in image,Reviewed in India on 2 September 2024,True,0,https://www.amazon.in/portal/customer-reviews/srp/-/R22NHUZDA1W8J/ref=cm_cr_getr_d_rvw_ttl?ie=UTF8
R2POE8OI283KGC,Vamsi Annangi,2.0,Quality of dress is not good..,2,Reviewed in India on 26 September 2024,True,0,https://www.amazon.in/portal/customer-reviews/srp/-/R2POE8OI283KGC/ref=cm_cr_getr_d_rvw_ttl?ie=UTF8
RGS02M0WYA90U,Amazon Customer,2.0,Poor,Fitting isn't perfect,Reviewed in India on 29 July 2024,True,0,https://www.amazon.in/portal/customer-reviews/srp/-/RGS02M0WYA90U/ref=cm_cr_getr_d_rvw_ttl?ie=UTF8
R2RTI3SRV5T8IB,Hemali Bhatia,2.0,"Fabric, colour& fitting stitching",Colour & quality not as per expectations,Reviewed in India on 23 June 2025,True,0,https://www.amazon.in/portal/customer-reviews/srp/-/R2RTI3SRV5T8IB/ref=cm_cr_getr_d_rvw_ttl?ie=UTF8
R3FSVX0BY1J6H2,Sneha,1.0,Very bad product,Please don't buy. Very bad and they are not taking it back also return option is available but nobody came to pick it. It's been too long since I opt for a return,Reviewed in India on 28 May 2025,True,0,https://www.amazon.in/portal/customer-reviews/srp/-/R3FSVX0BY1J6H2/ref=cm_cr_arp_d_rvw_ttl?ie=UTF8
R121A1GRKGF0YW,Supriya raju,1.0,Problem,Why Amazon is doing like this..now dasy it's very horrible to buy from here.. I didn't like they product and kept for return ... But it's not taking for return due to some labels waste of my money simply they r creating problem,Reviewed in India on 26 October 2024,True,0,https://www.amazon.in/portal/customer-reviews/srp/-/R121A1GRKGF0YW/ref=cm_cr_arp_d_rvw_ttl?ie=UTF8
RUOM4827BVJRZ,Geetha,1.0,Worst product,Worst product Worst material They provide Return date till March 13 I request them to return it on 8march no update till the date Don't go for this,Reviewed in India on 2 April 2025,True,0,https://www.amazon.in/portal/customer-reviews/srp/-/RUOM4827BVJRZ/ref=cm_cr_arp_d_rvw_ttl?ie=UTF8
R88SDD753N3L,Priya,1.0,Dont get it,It looks nothing like the pic. In this the neck line looks different but in reality its waaaaaaay awful.,Reviewed in India on 18 August 2025,True,0,https://www.amazon.in/portal/customer-reviews/srp/-/R88SDD753N3L/ref=cm_cr_arp_d_rvw_ttl?ie=UTF8
R1KZ6M5RHXAMPI,Anwar,1.0,Horriblee,The size is totally different I usually buy L but this is like too big. I requested for a size change but even after 10days nobody had come to pick the item. Amazon was never like this before,Reviewed in India on 17 September 2024,True,0,https://www.amazon.in/portal/customer-reviews/srp/-/R1KZ6M5RHXAMPI/ref=cm_cr_arp_d_rvw_ttl?ie=UTF8
R11BADWZPNAM35,Amazon Customer,1.0,Bad quality....,Item looked like it has been either returned frm previous customer or old stock....No tag attached.....it looked shabby and dirty....the newness of the cloth was not there....very disappointing,Reviewed in India on 20 November 2024,True,0,https://www.amazon.in/portal/customer-reviews/srp/-/R11BADWZPNAM35/ref=cm_cr_getr_d_rvw_ttl?ie=UTF8
R16NTJF65BIW7C,Archana Chougule,1.0,Material quality not at all good,This is worst quality cloth material ever. In one wash the dress has thread balls all over it...,Reviewed in India on 21 February 2025,True,0,https://www.amazon.in/portal/customer-reviews/srp/-/R16NTJF65BIW7C/ref=cm_cr_getr_d_rvw_ttl?ie=UTF8
R14SOTMUSH9YUD,KARTIK GOSWAMI,1.0,poor quality of fabric,fabric is very bad. poor quality. got issues in returning this item,Reviewed in India on 30 May 2025,True,0,https://www.amazon.in/portal/customer-reviews/srp/-/R14SOTMUSH9YUD/ref=cm_cr_getr_d_rvw_ttl?ie=UTF8
R2P98KPN6E92PI,sneha salvekar,1.0,Bad purchase,Not at all happy size is ok but the fabric is not pleasent,Reviewed in India on 10 April 2025,True,0,https://www.amazon.in/portal/customer-reviews/srp/-/R2P98KPN6E92PI/ref=cm_cr_getr_d_rvw_ttl?ie=UTF8
R1XBCB643IMK4P,Chandu,1.0,Fabric,Material is too worst transparent cloth is like dul,Reviewed in India on 3 July 2025,True,0,https://www.amazon.in/portal/customer-reviews/srp/-/R1XBCB643IMK4P/ref=cm_cr_getr_d_rvw_ttl?ie=UTF8
R1B0AR3DA561HW,Kavita,1.0,Poor Quality,Product is of very poor quality. The fabric is a waste the thread of the cloth makes it look cheap. Over priced,Reviewed in India on 6 October 2024,True,0,https://www.amazon.in/portal/customer-reviews/srp/-/R1B0AR3DA561HW/ref=cm_cr_getr_d_rvw_ttl?ie=UTF8
R1ML29MQHKSCD0,Sheetal,1.0,Bas experience,Size and fit is not appropriate.cloth quality is also not good,Reviewed in India on 14 May 2025,True,0,https://www.amazon.in/portal/customer-reviews/srp/-/R1ML29MQHKSCD0/ref=cm_cr_getr_d_rvw_ttl?ie=UTF8
R3AGS3SX9WOGW7,Sarala,1.0,Return & refund for money,Product was quality was very bad so return the product,Reviewed in India on 26 May 2025,True,0,https://www.amazon.in/portal/customer-reviews/srp/-/R3AGS3SX9WOGW7/ref=cm_cr_getr_d_rvw_ttl?ie=UTF8
ROGCJ42OK4TK5,Juliet,1.0,Worst,Cloth quality was very bad.so i returned it,Reviewed in India on 9 July 2025,True,0,https://www.amazon.in/portal/customer-reviews/srp/-/ROGCJ42OK4TK5/ref=cm_cr_getr_d_rvw_ttl?ie=UTF8
R2U0N9IWJ0HSQU,Unknown,1.0,Not as same as picture,Did not like the look as it did not look like the picture,Reviewed in India on 8 March 2025,True,0,https://www.amazon.in/portal/customer-reviews/srp/-/R2U0N9IWJ0HSQU/ref=cm_cr_getr_d_rvw_ttl?ie=UTF8
RV4D0WGTLO2YO,Priyanka Kumari,1.0,Cloth is very thick and looks cheap,Bakwas kapda .pic and in reality are not same,Reviewed in India on 25 May 2025,True,0,https://www.amazon.in/portal/customer-reviews/srp/-/RV4D0WGTLO2YO/ref=cm_cr_getr_d_rvw_ttl?ie=UTF8
R2DL9WXTL7ER46,dvv,1.0,Not expected,Cloth quality and overall look not good,Reviewed in India on 17 July 2025,True,0,https://www.amazon.in/portal/customer-reviews/srp/-/R2DL9WXTL7ER46/ref=cm_cr_getr_d_rvw_ttl?ie=UTF8
RWQ9EDPC7AYJ4,Vijayraj Tyagi,1.0,Not as shown in the picture,"Don't like the dress, not as shown in the picture, not fitted well. Not value for money. don't buy it",Reviewed in India on 19 July 2024,True,2,https://www.amazon.in/portal/customer-reviews/srp/-/RWQ9EDPC7AYJ4/ref=cm_cr_getr_d_rvw_ttl?ie=UTF8
R79OPAFJDKDFM,Archana Rane,1.0,Not good fabric,Not at look same in the picture,Reviewed in India on 3 June 2025,True,0,https://www.amazon.in/portal/customer-reviews/srp/-/R79OPAFJDKDFM/ref=cm_cr_getr_d_rvw_ttl?ie=UTF8
R85FQCLECN26E,Sai Kumar,1.0,Poor quality product,Poor cheap quality and the dress is see through need to wear something inside,Reviewed in India on 11 October 2024,True,0,https://www.amazon.in/portal/customer-reviews/srp/-/R85FQCLECN26E/ref=cm_cr_getr_d_rvw_ttl?ie=UTF8
R1Z05UJE0NK7QO,Priyanka S Pillai,1.0,Dont buy,Very poor qulity and colour also not bright,Reviewed in India on 8 March 2025,True,3,https://www.amazon.in/portal/customer-reviews/srp/-/R1Z05UJE0NK7QO/ref=cm_cr_getr_d_rvw_ttl?ie=UTF8
R2XPGK8YTSL1U5,Akanksha Gautam mishra,1.0,Bad product quality,Not happy with the product quality,Reviewed in India on 9 April 2025,True,0,https://www.amazon.in/portal/customer-reviews/srp/-/R2XPGK8YTSL1U5/ref=cm_cr_getr_d_rvw_ttl?ie=UTF8
R1KETP108WTIT4,Priya,1.0,Poor quality and high range.,"Poor quality, not body friendly…",Reviewed in India on 10 April 2025,True,0,https://www.amazon.in/portal/customer-reviews/srp/-/R1KETP108WTIT4/ref=cm_cr_getr_d_rvw_ttl?ie=UTF8
R1WYQMRRXWDLYW,Megha,1.0,Low quality product 🙆‍♀️cheep quality,Cheep quality 🙆‍♀️low quality,Reviewed in India on 4 May 2025,True,0,https://www.amazon.in/portal/customer-reviews/srp/-/R1WYQMRRXWDLYW/ref=cm_cr_getr_d_rvw_ttl?ie=UTF8
R2R0V6LBX7L7NT,Supriya,1.0,Don't purchase,Poor fabric,Reviewed in India on 7 June 2025,True,0,https://www.amazon.in/portal/customer-reviews/srp/-/R2R0V6LBX7L7NT/ref=cm_cr_getr_d_rvw_ttl?ie=UTF8
R3M8Z2Z7QG779W,Mridu Mridu,1.0,Don't buy,Bad quality,Reviewed in India on 6 May 2025,True,0,https://www.amazon.in/portal/customer-reviews/srp/-/R3M8Z2Z7QG779W/ref=cm_cr_getr_d_rvw_ttl?ie=UTF8
R2FRN7URXUZRY0,Hiral Banait,1.0,Not good quality,Frabic are not good and not same in picture .,Reviewed in India on 30 October 2024,True,0,https://www.amazon.in/portal/customer-reviews/srp/-/R2FRN7URXUZRY0/ref=cm_cr_getr_d_rvw_ttl?ie=UTF8
R2UO4MJOB82UP6,Jyoti,1.0,Bad service,Used product received,Reviewed in India on 17 March 2025,True,0,https://www.amazon.in/portal/customer-reviews/srp/-/R2UO4MJOB82UP6/ref=cm_cr_getr_d_rvw_ttl?ie=UTF8
R1SWBO16AWJQ20,Sowmya,1.0,Looks like used clothes,Dirty mark in the dress,Reviewed in India on 3 January 2025,True,0,https://www.amazon.in/portal/customer-reviews/srp/-/R1SWBO16AWJQ20/ref=cm_cr_getr_d_rvw_ttl?ie=UTF8
R2QNU3LC0I0L5A,reshma,1.0,Fabric Quality is very bad,Looking very dull material low quality not like it want refund,Reviewed in India on 29 July 2024,True,6,https://www.amazon.in/portal/customer-reviews/srp/-/R2QNU3LC0I0L5A/ref=cm_cr_getr_d_rvw_ttl?ie=UTF8
R7RBIZVS3VDZ2,Divya raj,1.0,Cheap quality and stiching,Poor quality stitching and cloth,Reviewed in India on 6 November 2024,True,0,https://www.amazon.in/portal/customer-reviews/srp/-/R7RBIZVS3VDZ2/ref=cm_cr_getr_d_rvw_ttl?ie=UTF8
R1BKYKT5DGHGCW,user-MSP4QE,1.0,Poor quality,Not good material its waste,Reviewed in India on 12 November 2024,True,0,https://www.amazon.in/portal/customer-reviews/srp/-/R1BKYKT5DGHGCW/ref=cm_cr_getr_d_rvw_ttl?ie=UTF8
R1JZDEYU399IH3,Amazon Customer,1.0,Very low quality,,Reviewed in India on 11 February 2025,True,0,https://www.amazon.in/portal/customer-reviews/srp/-/R1JZDEYU399IH3/ref=cm_cr_getr_d_rvw_ttl?ie=UTF8
R3GX27D1QV00CL,Anz,1.0,Product quality is too bad,Color not like the picture above,Reviewed in India on 8 November 2024,True,0,https://www.amazon.in/portal/customer-reviews/srp/-/R3GX27D1QV00CL/ref=cm_cr_getr_d_rvw_ttl?ie=UTF8
R3U2SBTB8N61FA,sandip kasar,1.0,Poor quality,Quality poor,Reviewed in India on 7 February 2025,True,0,https://www.amazon.in/portal/customer-reviews/srp/-/R3U2SBTB8N61FA/ref=cm_cr_getr_d_rvw_ttl?ie=UTF8
R18OCNA4HU2O4I,Magaret Fernandes,1.0,Cheap quality,Poor quality n print,Reviewed in India on 7 December 2024,True,0,https://www.amazon.in/portal/customer-reviews/srp/-/R18OCNA4HU2O4I/ref=cm_cr_getr_d_rvw_ttl?ie=UTF8
R3616Y46767WXI,Rekha Gupta,1.0,Bad,Very bad,Reviewed in India on 15 January 2025,True,0,https://www.amazon.in/portal/customer-reviews/srp/-/R3616Y46767WXI/ref=cm_cr_getr_d_rvw_ttl?ie=UTF8
R1GNGWJ1NURBXD,Bhakti p.,1.0,Quality not good..i m looking more fat in this,Not good,Reviewed in India on 29 November 2024,True,0,https://www.amazon.in/portal/customer-reviews/srp/-/R1GNGWJ1NURBXD/ref=cm_cr_getr_d_rvw_ttl?ie=UTF8
R8U1F9NRCM0D5,Very bad,1.0,Please send me fresh product,Puri dress me hole h,Reviewed in India on 6 August 2024,True,0,https://www.amazon.in/portal/customer-reviews/srp/-/R8U1F9NRCM0D5/ref=cm_cr_getr_d_rvw_ttl?ie=UTF8
R3V5AN78WENMAL,Xxx,1.0,Very disappointed,Poor quality product,Reviewed in India on 2 October 2024,True,0,https://www.amazon.in/portal/customer-reviews/srp/-/R3V5AN78WENMAL/ref=cm_cr_getr_d_rvw_ttl?ie=UTF8
R21ZXXYP6TPLE6,Kanchan,1.0,Cloth quality not good,Not good,Reviewed in India on 23 October 2024,True,0,https://www.amazon.in/portal/customer-reviews/srp/-/R21ZXXYP6TPLE6/ref=cm_cr_getr_d_rvw_ttl?ie=UTF8
R2J8YKIJVF9WV9,Surya resmi,1.0,Need good quality material,Material quality not good very disappointed ☹️,Reviewed in India on 3 April 2025,True,0,https://www.amazon.in/portal/customer-reviews/srp/-/R2J8YKIJVF9WV9/ref=cm_cr_getr_d_rvw_ttl?ie=UTF8
R15245TMCI1JCL,Rubin,1.0,Amazon app shows technical error while trying to return,elastics are too loose . App is not allowing to return the product.,Reviewed in the United Arab Emirates on 15 September 2026,True,0,
R2IN6LKGERKEPH,Marineblue,1.0,Pass your way,"Just ordered the green one (in May 25) not at all like the picture… it’s poorly made, it’s thin and not really pretty.",Reviewed in the United Arab Emirates on 20 May 2025,True,0,
R16XS5C7L3MBWG,Maryam,1.0,Damage used dress,Damage -0,Reviewed in the United Arab Emirates on 24 April 2025,True,0,
